----------------- New log session started... --------------
1) Application started succeed
2) Loading file.. (loadDataButton clicked)
3) LoadFile Failed
4) Loading file.. (loadDataButton clicked)
5) LoadFile Failed
6) Loading file.. (loadDataButton clicked)
7) Clearing filename..
8) Clearing points..
9) LoadFile SUCCEED
10) stepSlider valueChanged
11) stepSlider valueChanged
12) stepSlider valueChanged
13) spinboxes valueChanged
14) Filename Selected: /Users/k3rnel1x/Programming/qt_op_labs_bmstu/laba4/test_files/students_exams (вариант 2).csv
15) renderButton clicked
16) starting normalize.. Params: Norm range: [0, 1] zRange: [0.000000, 131.000000]
17) normalizing succeed.
18) Render started!
19) spinboxes valueChanged
20) spinboxes valueChanged
21) spinboxes valueChanged
22) renderButton clicked
23) starting normalize.. Params: Norm range: [1, 34] zRange: [0.000000, 131.000000]
24) normalizing succeed.
25) Render started!
26) stepSlider valueChanged
27) stepSlider valueChanged
28) stepSlider valueChanged
29) stepSlider valueChanged
30) stepSlider valueChanged
31) stepSlider valueChanged
32) stepSlider valueChanged
33) stepSlider valueChanged
34) stepSlider valueChanged
35) stepSlider valueChanged
36) stepSlider valueChanged
37) stepSlider valueChanged
38) stepSlider valueChanged
39) stepSlider valueChanged
40) stepSlider valueChanged
41) stepSlider valueChanged
42) stepSlider valueChanged
43) stepSlider valueChanged
44) stepSlider valueChanged
45) stepSlider valueChanged
46) stepSlider valueChanged
47) stepSlider valueChanged
48) stepSlider valueChanged
49) stepSlider valueChanged
50) stepSlider valueChanged
51) stepSlider valueChanged
52) stepSlider valueChanged
53) stepSlider valueChanged
54) stepSlider valueChanged
55) stepSlider valueChanged
56) stepSlider valueChanged
57) stepSlider valueChanged
58) stepSlider valueChanged
59) renderButton clicked
60) starting normalize.. Params: Norm range: [1, 34] zRange: [0.000000, 131.000000]
61) normalizing succeed.
62) Render started!
63) Application stoped succeed
64) Start clearing..
65) ->Clear context..
66) Clearing filename..
67) Clearing points..
68) ->Clear context succeed
69) CleanUp SUCCEED
----------------- New log session started... --------------
1) Application started succeed
2) Loading file.. (loadDataButton clicked)
3) Clearing filename..
4) Clearing points..
5) LoadFile SUCCEED
6) stepSlider valueChanged
7) stepSlider valueChanged
8) stepSlider valueChanged
9) spinboxes valueChanged
10) Filename Selected: /Users/k3rnel1x/Programming/qt_op_labs_bmstu/laba4/test_files/students_exams (вариант 2).csv
11) renderButton clicked
12) starting normalize.. Params: Norm range: [0, 1] zRange: [0.000000, 131.000000]
13) normalizing succeed.
14) Render started!
15) stepSlider valueChanged
16) stepSlider valueChanged
17) stepSlider valueChanged
18) stepSlider valueChanged
19) stepSlider valueChanged
20) stepSlider valueChanged
21) stepSlider valueChanged
22) stepSlider valueChanged
23) stepSlider valueChanged
24) stepSlider valueChanged
25) renderButton clicked
26) starting normalize.. Params: Norm range: [0, 1] zRange: [0.000000, 131.000000]
27) normalizing succeed.
28) Render started!
29) Application stoped succeed
30) Start clearing..
31) ->Clear context..
32) Clearing filename..
33) Clearing points..
34) ->Clear context succeed
35) CleanUp SUCCEED
----------------- New log session started... --------------
1) Application started succeed
2) Loading file.. (loadDataButton clicked)
3) Clearing filename..
4) Clearing points..
5) LoadFile SUCCEED
6) stepSlider valueChanged
7) stepSlider valueChanged
8) stepSlider valueChanged
9) spinboxes valueChanged
10) Filename Selected: /Users/k3rnel1x/Programming/qt_op_labs_bmstu/laba4/test_files/students_exams (вариант 2).csv
11) renderButton clicked
12) starting normalize.. Params: Norm range: [0, 1] zRange: [0.000000, 131.000000]
13) normalizing succeed.
14) Render started!
15) stepSlider valueChanged
16) stepSlider valueChanged
17) stepSlider valueChanged
18) stepSlider valueChanged
19) stepSlider valueChanged
20) stepSlider valueChanged
21) stepSlider valueChanged
22) stepSlider valueChanged
23) stepSlider valueChanged
24) stepSlider valueChanged
25) stepSlider valueChanged
26) stepSlider valueChanged
27) stepSlider valueChanged
28) renderButton clicked
29) starting normalize.. Params: Norm range: [0, 1] zRange: [0.000000, 131.000000]
30) normalizing succeed.
31) Render started!
32) stepSlider valueChanged
33) renderButton clicked
34) starting normalize.. Params: Norm range: [0, 1] zRange: [0.000000, 131.000000]
35) normalizing succeed.
36) Render started!
37) Application stoped succeed
38) Start clearing..
39) ->Clear context..
40) Clearing filename..
41) Clearing points..
42) ->Clear context succeed
43) CleanUp SUCCEED
----------------- New log session started... --------------
1) Application started succeed
2) Loading file.. (loadDataButton clicked)
3) Clearing filename..
4) Clearing points..
5) LoadFile SUCCEED
6) stepSlider valueChanged
7) stepSlider valueChanged
8) stepSlider valueChanged
9) spinboxes valueChanged
10) Filename Selected: /Users/k3rnel1x/Programming/qt_op_labs_bmstu/laba4/test_files/students_exams (вариант 2).csv
11) renderButton clicked
12) starting normalize.. Params: Norm range: [0, 1] zRange: [0.000000, 131.000000]
13) normalizing succeed.
14) Render started!
15) stepSlider valueChanged
16) stepSlider valueChanged
17) stepSlider valueChanged
18) stepSlider valueChanged
19) stepSlider valueChanged
20) stepSlider valueChanged
21) stepSlider valueChanged
22) stepSlider valueChanged
23) stepSlider valueChanged
24) stepSlider valueChanged
25) stepSlider valueChanged
26) stepSlider valueChanged
27) stepSlider valueChanged
28) stepSlider valueChanged
29) stepSlider valueChanged
30) stepSlider valueChanged
31) stepSlider valueChanged
32) stepSlider valueChanged
33) stepSlider valueChanged
34) stepSlider valueChanged
35) stepSlider valueChanged
36) stepSlider valueChanged
37) stepSlider valueChanged
38) stepSlider valueChanged
39) stepSlider valueChanged
40) stepSlider valueChanged
41) renderButton clicked
42) starting normalize.. Params: Norm range: [0, 1] zRange: [0.000000, 131.000000]
43) normalizing succeed.
44) Render started!
45) stepSlider valueChanged
46) stepSlider valueChanged
47) stepSlider valueChanged
48) stepSlider valueChanged
49) stepSlider valueChanged
50) stepSlider valueChanged
51) stepSlider valueChanged
52) stepSlider valueChanged
53) stepSlider valueChanged
54) renderButton clicked
55) starting normalize.. Params: Norm range: [0, 1] zRange: [0.000000, 131.000000]
56) normalizing succeed.
57) Render started!
58) stepSlider valueChanged
59) stepSlider valueChanged
60) stepSlider valueChanged
61) stepSlider valueChanged
62) stepSlider valueChanged
63) stepSlider valueChanged
64) stepSlider valueChanged
65) stepSlider valueChanged
66) stepSlider valueChanged
67) stepSlider valueChanged
68) stepSlider valueChanged
69) stepSlider valueChanged
70) stepSlider valueChanged
71) stepSlider valueChanged
72) stepSlider valueChanged
73) renderButton clicked
74) starting normalize.. Params: Norm range: [0, 1] zRange: [0.000000, 131.000000]
75) normalizing succeed.
76) Render started!
77) Application stoped succeed
78) Start clearing..
79) ->Clear context..
80) Clearing filename..
81) Clearing points..
82) ->Clear context succeed
83) CleanUp SUCCEED
----------------- New log session started... --------------
1) Application started succeed
2) Loading file.. (loadDataButton clicked)
3) Clearing filename..
4) Clearing points..
5) LoadFile SUCCEED
6) stepSlider valueChanged
7) stepSlider valueChanged
8) stepSlider valueChanged
9) spinboxes valueChanged
10) Filename Selected: /Users/k3rnel1x/Programming/qt_op_labs_bmstu/laba4/test_files/students_exams (вариант 2).csv
11) renderButton clicked
12) starting normalize.. Params: Norm range: [0, 1] zRange: [0.000000, 131.000000]
13) normalizing succeed.
14) Render started!
15) spinboxes valueChanged
16) spinboxes valueChanged
17) spinboxes valueChanged
18) renderButton clicked
19) starting normalize.. Params: Norm range: [4, 23] zRange: [0.000000, 131.000000]
20) normalizing succeed.
21) Render started!
22) stepSlider valueChanged
23) stepSlider valueChanged
24) stepSlider valueChanged
25) stepSlider valueChanged
26) stepSlider valueChanged
27) stepSlider valueChanged
28) stepSlider valueChanged
29) stepSlider valueChanged
30) stepSlider valueChanged
31) stepSlider valueChanged
32) stepSlider valueChanged
33) stepSlider valueChanged
34) stepSlider valueChanged
35) stepSlider valueChanged
36) stepSlider valueChanged
37) stepSlider valueChanged
38) stepSlider valueChanged
39) stepSlider valueChanged
40) stepSlider valueChanged
41) stepSlider valueChanged
42) stepSlider valueChanged
43) stepSlider valueChanged
44) stepSlider valueChanged
45) stepSlider valueChanged
----------------- New log session started... --------------
1) Application started succeed
2) Loading file.. (loadDataButton clicked)
3) Clearing filename..
4) Clearing points..
5) LoadFile SUCCEED
6) stepSlider valueChanged
7) stepSlider valueChanged
8) stepSlider valueChanged
9) spinboxes valueChanged
10) Filename Selected: /Users/k3rnel1x/Programming/qt_op_labs_bmstu/laba4/test_files/students_exams (вариант 2).csv
11) renderButton clicked
12) starting normalize.. Params: Norm range: [0, 1] zRange: [0.000000, 131.000000]
13) normalizing succeed.
14) Render started!
15) stepSlider valueChanged
16) stepSlider valueChanged
17) stepSlider valueChanged
18) stepSlider valueChanged
19) stepSlider valueChanged
20) stepSlider valueChanged
21) stepSlider valueChanged
22) stepSlider valueChanged
23) stepSlider valueChanged
24) renderButton clicked
25) starting normalize.. Params: Norm range: [0, 1] zRange: [0.000000, 131.000000]
26) normalizing succeed.
27) Render started!
28) Application stoped succeed
29) Start clearing..
30) ->Clear context..
31) Clearing filename..
32) Clearing points..
33) ->Clear context succeed
34) CleanUp SUCCEED
----------------- New log session started... --------------
1) Application started succeed
2) Loading file.. (loadDataButton clicked)
3) Clearing filename..
4) Clearing points..
5) LoadFile SUCCEED
6) stepSlider valueChanged
7) stepSlider valueChanged
8) stepSlider valueChanged
9) spinboxes valueChanged
10) Filename Selected: /Users/k3rnel1x/Programming/qt_op_labs_bmstu/laba4/test_files/students_exams (вариант 2).csv
11) renderButton clicked
12) starting normalize.. Params: Norm range: [0, 1] zRange: [0.000000, 131.000000]
13) normalizing succeed.
14) Render started!
15) stepSlider valueChanged
16) stepSlider valueChanged
17) stepSlider valueChanged
18) stepSlider valueChanged
19) stepSlider valueChanged
20) stepSlider valueChanged
21) stepSlider valueChanged
22) stepSlider valueChanged
23) stepSlider valueChanged
24) stepSlider valueChanged
25) stepSlider valueChanged
26) Application stoped succeed
27) Start clearing..
28) ->Clear context..
29) Clearing filename..
30) Clearing points..
31) ->Clear context succeed
32) CleanUp SUCCEED
----------------- New log session started... --------------
1) Application started succeed
2) Loading file.. (loadDataButton clicked)
3) Clearing filename..
4) Clearing points..
5) LoadFile SUCCEED
6) stepSlider valueChanged
7) stepSlider valueChanged
8) stepSlider valueChanged
9) spinboxes valueChanged
10) Filename Selected: /Users/k3rnel1x/Programming/qt_op_labs_bmstu/laba4/test_files/students_exams (вариант 2).csv
11) renderButton clicked
12) starting normalize.. Params: Norm range: [0, 1] zRange: [0.000000, 131.000000]
13) normalizing succeed.
14) Render started!
----------------- New log session started... --------------
1) Application started succeed
2) Loading file.. (loadDataButton clicked)
3) Clearing filename..
4) Clearing points..
5) LoadFile SUCCEED
6) stepSlider valueChanged
7) stepSlider valueChanged
8) stepSlider valueChanged
9) spinboxes valueChanged
10) Filename Selected: /Users/k3rnel1x/Programming/qt_op_labs_bmstu/laba4/test_files/students_exams (вариант 2).csv
11) renderButton clicked
12) starting normalize.. Params: Norm range: [0, 1] zRange: [0.000000, 131.000000]
13) normalizing succeed.
14) Render started!
----------------- New log session started... --------------
1) Application started succeed
2) Loading file.. (loadDataButton clicked)
3) Clearing filename..
4) Clearing points..
5) LoadFile SUCCEED
6) stepSlider valueChanged
7) stepSlider valueChanged
8) stepSlider valueChanged
9) spinboxes valueChanged
10) Filename Selected: /Users/k3rnel1x/Programming/qt_op_labs_bmstu/laba4/test_files/students_exams (вариант 2).csv
11) stepSlider valueChanged
12) stepSlider valueChanged
13) stepSlider valueChanged
14) stepSlider valueChanged
15) stepSlider valueChanged
16) stepSlider valueChanged
17) stepSlider valueChanged
18) stepSlider valueChanged
19) stepSlider valueChanged
20) stepSlider valueChanged
21) stepSlider valueChanged
22) renderButton clicked
23) starting normalize.. Params: Norm range: [0, 1] zRange: [0.000000, 131.000000]
24) normalizing succeed.
25) Render started!
26) stepSlider valueChanged
27) stepSlider valueChanged
28) stepSlider valueChanged
29) stepSlider valueChanged
30) stepSlider valueChanged
31) stepSlider valueChanged
32) stepSlider valueChanged
33) stepSlider valueChanged
34) stepSlider valueChanged
35) stepSlider valueChanged
36) stepSlider valueChanged
37) stepSlider valueChanged
38) stepSlider valueChanged
39) stepSlider valueChanged
40) stepSlider valueChanged
41) stepSlider valueChanged
42) stepSlider valueChanged
43) renderButton clicked
44) starting normalize.. Params: Norm range: [0, 1] zRange: [0.000000, 131.000000]
45) normalizing succeed.
46) Render started!
----------------- New log session started... --------------
1) Application started succeed
2) Loading file.. (loadDataButton clicked)
3) Clearing filename..
4) Clearing points..
5) LoadFile SUCCEED
6) stepSlider valueChanged
7) stepSlider valueChanged
8) stepSlider valueChanged
9) spinboxes valueChanged
10) Filename Selected: /Users/k3rnel1x/Programming/qt_op_labs_bmstu/laba4/test_files/students_exams (вариант 2).csv
11) renderButton clicked
12) starting normalize.. Params: Norm range: [0, 1] zRange: [0.000000, 131.000000]
13) normalizing succeed.
14) Render started!
----------------- New log session started... --------------
1) Application started succeed
2) Loading file.. (loadDataButton clicked)
3) Clearing filename..
4) Clearing points..
5) LoadFile SUCCEED
6) stepSlider valueChanged
7) stepSlider valueChanged
8) stepSlider valueChanged
9) spinboxes valueChanged
10) Filename Selected: /Users/k3rnel1x/Programming/qt_op_labs_bmstu/laba4/test_files/students_exams (вариант 2).csv
11) renderButton clicked
12) starting normalize.. Params: Norm range: [0, 1] zRange: [0.000000, 131.000000]
13) normalizing succeed.
14) Render started!
----------------- New log session started... --------------
1) Application started succeed
2) Loading file.. (loadDataButton clicked)
3) Clearing filename..
4) Clearing points..
5) LoadFile SUCCEED
6) stepSlider valueChanged
7) stepSlider valueChanged
8) stepSlider valueChanged
9) spinboxes valueChanged
10) Filename Selected: /Users/k3rnel1x/Programming/qt_op_labs_bmstu/laba4/test_files/students_exams (вариант 2).csv
11) renderButton clicked
12) starting normalize.. Params: Norm range: [0, 1] zRange: [0.000000, 131.000000]
13) normalizing succeed.
14) Render started!
15) Application stoped succeed
16) Start clearing..
17) ->Clear context..
18) Clearing filename..
19) Clearing points..
20) ->Clear context succeed
21) CleanUp SUCCEED
----------------- New log session started... --------------
1) Application started succeed
2) Loading file.. (loadDataButton clicked)
3) Clearing filename..
4) Clearing points..
5) LoadFile SUCCEED
6) stepSlider valueChanged
7) stepSlider valueChanged
8) stepSlider valueChanged
9) spinboxes valueChanged
10) Filename Selected: /Users/k3rnel1x/Programming/qt_op_labs_bmstu/laba4/test_files/students_exams (вариант 2).csv
11) renderButton clicked
12) starting normalize.. Params: Norm range: [0, 1] zRange: [0.000000, 131.000000]
13) normalizing succeed.
14) Render started!
15) Application stoped succeed
16) Start clearing..
17) ->Clear context..
18) Clearing filename..
19) Clearing points..
20) ->Clear context succeed
21) CleanUp SUCCEED
----------------- New log session started... --------------
1) Application started succeed
2) Loading file.. (loadDataButton clicked)
3) Clearing filename..
4) Clearing points..
5) LoadFile SUCCEED
6) stepSlider valueChanged
7) stepSlider valueChanged
8) stepSlider valueChanged
9) spinboxes valueChanged
10) Filename Selected: /Users/k3rnel1x/Programming/qt_op_labs_bmstu/laba4/test_files/students_exams (вариант 2).csv
11) renderButton clicked
12) starting normalize.. Params: Norm range: [0, 1] zRange: [0.000000, 131.000000]
13) normalizing succeed.
14) Render started!
15) Application stoped succeed
16) Start clearing..
17) ->Clear context..
18) Clearing filename..
19) Clearing points..
20) ->Clear context succeed
21) CleanUp SUCCEED
----------------- New log session started... --------------
1) Application started succeed
2) Loading file.. (loadDataButton clicked)
3) Clearing filename..
4) Clearing points..
5) LoadFile SUCCEED
6) stepSlider valueChanged
7) stepSlider valueChanged
8) stepSlider valueChanged
9) spinboxes valueChanged
10) Filename Selected: /Users/k3rnel1x/Programming/qt_op_labs_bmstu/laba4/test_files/students_exams (вариант 2).csv
11) renderButton clicked
12) starting normalize.. Params: Norm range: [0, 1] zRange: [0.000000, 131.000000]
13) normalizing succeed.
14) Render started!
----------------- New log session started... --------------
1) Application started succeed
2) Loading file.. (loadDataButton clicked)
3) Clearing filename..
4) Clearing points..
5) LoadFile SUCCEED
6) stepSlider valueChanged
7) stepSlider valueChanged
8) stepSlider valueChanged
9) spinboxes valueChanged
10) Filename Selected: /Users/k3rnel1x/Programming/qt_op_labs_bmstu/laba4/test_files/students_exams (вариант 2).csv
11) renderButton clicked
12) starting normalize.. Params: Norm range: [0, 1] zRange: [0.000000, 131.000000]
13) normalizing succeed.
14) Render started!
15) Application stoped succeed
16) Start clearing..
17) ->Clear context..
18) Clearing filename..
19) Clearing points..
20) ->Clear context succeed
21) CleanUp SUCCEED
----------------- New log session started... --------------
1) Application started succeed
2) Loading file.. (loadDataButton clicked)
3) Clearing filename..
4) Clearing points..
5) LoadFile SUCCEED
6) stepSlider valueChanged
7) stepSlider valueChanged
8) stepSlider valueChanged
9) spinboxes valueChanged
10) Filename Selected: /Users/k3rnel1x/Programming/qt_op_labs_bmstu/laba4/test_files/students_exams (вариант 2).csv
11) renderButton clicked
12) starting normalize.. Params: Norm range: [0, 1] zRange: [0.000000, 131.000000]
13) normalizing succeed.
14) Render started!
15) Application stoped succeed
16) Start clearing..
17) ->Clear context..
18) Clearing filename..
19) Clearing points..
20) ->Clear context succeed
21) CleanUp SUCCEED
----------------- New log session started... --------------
1) Application started succeed
2) Loading file.. (loadDataButton clicked)
3) Clearing filename..
4) Clearing points..
5) LoadFile SUCCEED
6) stepSlider valueChanged
7) stepSlider valueChanged
8) stepSlider valueChanged
9) spinboxes valueChanged
10) Filename Selected: /Users/k3rnel1x/Programming/qt_op_labs_bmstu/laba4/test_files/students_exams (вариант 2).csv
11) renderButton clicked
12) starting normalize.. Params: Norm range: [0, 1] zRange: [0.000000, 131.000000]
13) normalizing succeed.
14) Render started!
----------------- New log session started... --------------
1) Application started succeed
2) Loading file.. (loadDataButton clicked)
3) Clearing filename..
4) Clearing points..
5) LoadFile SUCCEED
6) stepSlider valueChanged
7) stepSlider valueChanged
8) stepSlider valueChanged
9) spinboxes valueChanged
10) Filename Selected: /Users/k3rnel1x/Programming/qt_op_labs_bmstu/laba4/test_files/students_exams (вариант 2).csv
11) renderButton clicked
12) starting normalize.. Params: Norm range: [0, 1] zRange: [0.000000, 131.000000]
13) normalizing succeed.
14) Render started!
----------------- New log session started... --------------
1) Application started succeed
2) Loading file.. (loadDataButton clicked)
3) Clearing filename..
4) Clearing points..
5) LoadFile SUCCEED
6) stepSlider valueChanged
7) stepSlider valueChanged
8) stepSlider valueChanged
9) spinboxes valueChanged
10) Filename Selected: /Users/k3rnel1x/Programming/qt_op_labs_bmstu/laba4/test_files/students_exams (вариант 2).csv
11) stepSlider valueChanged
12) renderButton clicked
13) starting normalize.. Params: Norm range: [0, 1] zRange: [0.000000, 131.000000]
14) normalizing succeed.
15) Render started!
16) stepSlider valueChanged
17) stepSlider valueChanged
18) stepSlider valueChanged
19) stepSlider valueChanged
20) stepSlider valueChanged
21) stepSlider valueChanged
22) stepSlider valueChanged
23) stepSlider valueChanged
24) renderButton clicked
25) starting normalize.. Params: Norm range: [0, 1] zRange: [0.000000, 131.000000]
26) normalizing succeed.
27) Render started!
28) stepSlider valueChanged
29) renderButton clicked
30) starting normalize.. Params: Norm range: [0, 1] zRange: [0.000000, 131.000000]
31) normalizing succeed.
32) Render started!
33) stepSlider valueChanged
34) stepSlider valueChanged
35) stepSlider valueChanged
36) stepSlider valueChanged
37) stepSlider valueChanged
38) stepSlider valueChanged
39) stepSlider valueChanged
40) stepSlider valueChanged
41) stepSlider valueChanged
42) renderButton clicked
43) starting normalize.. Params: Norm range: [0, 1] zRange: [0.000000, 131.000000]
44) normalizing succeed.
45) Render started!
46) stepSlider valueChanged
47) stepSlider valueChanged
48) stepSlider valueChanged
49) stepSlider valueChanged
50) stepSlider valueChanged
51) stepSlider valueChanged
52) stepSlider valueChanged
53) stepSlider valueChanged
54) stepSlider valueChanged
55) stepSlider valueChanged
56) stepSlider valueChanged
57) stepSlider valueChanged
58) stepSlider valueChanged
59) stepSlider valueChanged
60) stepSlider valueChanged
61) renderButton clicked
62) starting normalize.. Params: Norm range: [0, 1] zRange: [0.000000, 131.000000]
63) normalizing succeed.
64) Render started!
----------------- New log session started... --------------
1) Application started succeed
2) Loading file.. (loadDataButton clicked)
3) Clearing filename..
4) Clearing points..
5) LoadFile SUCCEED
6) stepSlider valueChanged
7) stepSlider valueChanged
8) stepSlider valueChanged
9) spinboxes valueChanged
10) Filename Selected: /Users/k3rnel1x/Programming/qt_op_labs_bmstu/laba4/test_files/students_exams (вариант 2).csv
11) renderButton clicked
12) starting normalize.. Params: Norm range: [0, 1] zRange: [0.000000, 131.000000]
13) normalizing succeed.
14) Render started!
15) stepSlider valueChanged
16) stepSlider valueChanged
17) stepSlider valueChanged
18) stepSlider valueChanged
19) stepSlider valueChanged
20) stepSlider valueChanged
21) stepSlider valueChanged
22) stepSlider valueChanged
23) stepSlider valueChanged
24) stepSlider valueChanged
25) stepSlider valueChanged
26) stepSlider valueChanged
27) stepSlider valueChanged
28) stepSlider valueChanged
29) stepSlider valueChanged
30) stepSlider valueChanged
31) stepSlider valueChanged
32) renderButton clicked
33) starting normalize.. Params: Norm range: [0, 1] zRange: [0.000000, 131.000000]
34) normalizing succeed.
35) Render started!
36) stepSlider valueChanged
37) stepSlider valueChanged
38) stepSlider valueChanged
39) stepSlider valueChanged
40) stepSlider valueChanged
41) stepSlider valueChanged
42) stepSlider valueChanged
43) stepSlider valueChanged
44) stepSlider valueChanged
45) stepSlider valueChanged
46) stepSlider valueChanged
47) stepSlider valueChanged
48) stepSlider valueChanged
49) stepSlider valueChanged
50) stepSlider valueChanged
51) stepSlider valueChanged
52) stepSlider valueChanged
53) stepSlider valueChanged
54) stepSlider valueChanged
55) stepSlider valueChanged
56) stepSlider valueChanged
57) renderButton clicked
58) starting normalize.. Params: Norm range: [0, 1] zRange: [0.000000, 131.000000]
59) normalizing succeed.
60) Render started!
61) Application stoped succeed
62) Start clearing..
63) ->Clear context..
64) Clearing filename..
65) Clearing points..
66) ->Clear context succeed
67) CleanUp SUCCEED
----------------- New log session started... --------------
1) Application started succeed
2) Loading file.. (loadDataButton clicked)
3) Clearing filename..
4) Clearing points..
5) LoadFile SUCCEED
6) stepSlider valueChanged
7) stepSlider valueChanged
8) stepSlider valueChanged
9) spinboxes valueChanged
10) Filename Selected: /Users/k3rnel1x/Programming/qt_op_labs_bmstu/laba4/test_files/students_exams (вариант 2).csv
11) renderButton clicked
12) starting normalize.. Params: Norm range: [0, 1] zRange: [0.000000, 131.000000]
13) normalizing succeed.
14) Render started!
15) spinboxes valueChanged
16) spinboxes valueChanged
17) renderButton clicked
18) starting normalize.. Params: Norm range: [0, 99] zRange: [0.000000, 131.000000]
19) normalizing succeed.
20) Render started!
21) stepSlider valueChanged
22) stepSlider valueChanged
23) stepSlider valueChanged
24) stepSlider valueChanged
25) stepSlider valueChanged
26) stepSlider valueChanged
27) stepSlider valueChanged
28) stepSlider valueChanged
29) stepSlider valueChanged
30) renderButton clicked
31) starting normalize.. Params: Norm range: [0, 99] zRange: [0.000000, 131.000000]
32) normalizing succeed.
33) Render started!
34) Application stoped succeed
35) Start clearing..
36) ->Clear context..
37) Clearing filename..
38) Clearing points..
39) ->Clear context succeed
40) CleanUp SUCCEED
----------------- New log session started... --------------
1) Application started succeed
2) Loading file.. (loadDataButton clicked)
3) Clearing filename..
4) Clearing points..
5) LoadFile SUCCEED
6) stepSlider valueChanged
7) stepSlider valueChanged
8) stepSlider valueChanged
9) spinboxes valueChanged
10) Filename Selected: /Users/k3rnel1x/Programming/qt_op_labs_bmstu/laba4/test_files/students_exams (вариант 2).csv
11) renderButton clicked
12) starting normalize.. Params: Norm range: [0, 1] zRange: [0.000000, 131.000000]
13) normalizing succeed.
14) Render started!
15) stepSlider valueChanged
16) renderButton clicked
17) starting normalize.. Params: Norm range: [0, 1] zRange: [0.000000, 131.000000]
18) normalizing succeed.
19) Render started!
20) spinboxes valueChanged
21) spinboxes valueChanged
22) spinboxes valueChanged
23) spinboxes valueChanged
24) spinboxes valueChanged
25) renderButton clicked
26) starting normalize.. Params: Norm range: [67, 98] zRange: [0.000000, 131.000000]
27) normalizing succeed.
28) Render started!
29) stepSlider valueChanged
30) stepSlider valueChanged
31) stepSlider valueChanged
32) stepSlider valueChanged
33) stepSlider valueChanged
34) stepSlider valueChanged
35) stepSlider valueChanged
36) stepSlider valueChanged
37) stepSlider valueChanged
38) stepSlider valueChanged
39) stepSlider valueChanged
40) stepSlider valueChanged
41) stepSlider valueChanged
42) stepSlider valueChanged
43) stepSlider valueChanged
44) stepSlider valueChanged
45) stepSlider valueChanged
46) stepSlider valueChanged
47) stepSlider valueChanged
48) stepSlider valueChanged
49) stepSlider valueChanged
50) stepSlider valueChanged
51) stepSlider valueChanged
52) stepSlider valueChanged
53) stepSlider valueChanged
54) stepSlider valueChanged
55) stepSlider valueChanged
56) stepSlider valueChanged
57) stepSlider valueChanged
58) stepSlider valueChanged
59) stepSlider valueChanged
60) stepSlider valueChanged
61) stepSlider valueChanged
62) stepSlider valueChanged
63) stepSlider valueChanged
64) stepSlider valueChanged
65) stepSlider valueChanged
66) stepSlider valueChanged
67) stepSlider valueChanged
68) stepSlider valueChanged
69) stepSlider valueChanged
70) stepSlider valueChanged
71) stepSlider valueChanged
72) stepSlider valueChanged
73) stepSlider valueChanged
74) stepSlider valueChanged
75) stepSlider valueChanged
76) stepSlider valueChanged
77) stepSlider valueChanged
78) stepSlider valueChanged
79) stepSlider valueChanged
80) stepSlider valueChanged
81) stepSlider valueChanged
82) stepSlider valueChanged
83) stepSlider valueChanged
84) stepSlider valueChanged
85) stepSlider valueChanged
86) Application stoped succeed
87) Start clearing..
88) ->Clear context..
89) Clearing filename..
90) Clearing points..
91) ->Clear context succeed
92) CleanUp SUCCEED
----------------- New log session started... --------------
1) Application started succeed
2) Loading file.. (loadDataButton clicked)
3) LoadFile Failed
4) Loading file.. (loadDataButton clicked)
5) Clearing filename..
6) Clearing points..
7) LoadFile SUCCEED
8) stepSlider valueChanged
9) stepSlider valueChanged
10) stepSlider valueChanged
11) spinboxes valueChanged
12) Filename Selected: /Users/k3rnel1x/Programming/qt_op_labs_bmstu/laba4/test_files/students_exams (вариант 2).csv
13) renderButton clicked
14) starting normalize.. Params: Norm range: [0, 1] zRange: [0.000000, 131.000000]
15) normalizing succeed.
16) Render started!
17) spinboxes valueChanged
18) spinboxes valueChanged
19) spinboxes valueChanged
20) spinboxes valueChanged
21) spinboxes valueChanged
22) spinboxes valueChanged
23) spinboxes valueChanged
24) spinboxes valueChanged
25) spinboxes valueChanged
26) spinboxes valueChanged
27) spinboxes valueChanged
28) spinboxes valueChanged
29) spinboxes valueChanged
30) spinboxes valueChanged
31) spinboxes valueChanged
32) spinboxes valueChanged
33) spinboxes valueChanged
34) spinboxes valueChanged
35) spinboxes valueChanged
36) spinboxes valueChanged
37) spinboxes valueChanged
38) renderButton clicked
39) starting normalize.. Params: Norm range: [0, 5] zRange: [0.000000, 131.000000]
40) normalizing succeed.
41) Render started!
42) spinboxes valueChanged
43) spinboxes valueChanged
44) spinboxes valueChanged
45) spinboxes valueChanged
46) spinboxes valueChanged
47) spinboxes valueChanged
48) spinboxes valueChanged
49) spinboxes valueChanged
50) spinboxes valueChanged
51) spinboxes valueChanged
52) spinboxes valueChanged
53) spinboxes valueChanged
54) spinboxes valueChanged
55) spinboxes valueChanged
56) spinboxes valueChanged
57) spinboxes valueChanged
58) renderButton clicked
59) starting normalize.. Params: Norm range: [0, 99] zRange: [0.000000, 131.000000]
60) normalizing succeed.
61) Render started!
62) spinboxes valueChanged
63) spinboxes valueChanged
64) spinboxes valueChanged
65) spinboxes valueChanged
66) spinboxes valueChanged
67) spinboxes valueChanged
68) spinboxes valueChanged
69) spinboxes valueChanged
70) spinboxes valueChanged
71) spinboxes valueChanged
72) spinboxes valueChanged
73) spinboxes valueChanged
74) spinboxes valueChanged
75) spinboxes valueChanged
76) spinboxes valueChanged
77) renderButton clicked
78) starting normalize.. Params: Norm range: [1, 99] zRange: [0.000000, 131.000000]
79) normalizing succeed.
80) Render started!
81) spinboxes valueChanged
82) spinboxes valueChanged
83) spinboxes valueChanged
84) spinboxes valueChanged
85) renderButton clicked
86) starting normalize.. Params: Norm range: [5, 99] zRange: [0.000000, 131.000000]
87) normalizing succeed.
88) Render started!
----------------- New log session started... --------------
1) Application started succeed
2) Loading file.. (loadDataButton clicked)
3) Clearing filename..
4) Clearing points..
5) LoadFile SUCCEED
6) stepSlider valueChanged
7) stepSlider valueChanged
8) stepSlider valueChanged
9) spinboxes valueChanged
10) Filename Selected: /Users/k3rnel1x/Programming/qt_op_labs_bmstu/laba4/test_files/students_exams (вариант 2).csv
11) renderButton clicked
12) starting normalize.. Params: Norm range: [0, 1] zRange: [0.000000, 131.000000]
13) normalizing succeed.
14) Render started!
15) spinboxes valueChanged
16) spinboxes valueChanged
17) spinboxes valueChanged
18) renderButton clicked
19) starting normalize.. Params: Norm range: [0, 99] zRange: [0.000000, 131.000000]
20) normalizing succeed.
21) Render started!
22) Application stoped succeed
23) Start clearing..
24) ->Clear context..
25) Clearing filename..
26) Clearing points..
27) ->Clear context succeed
28) CleanUp SUCCEED
----------------- New log session started... --------------
1) Application started succeed
2) Loading file.. (loadDataButton clicked)
3) Clearing filename..
4) Clearing points..
5) LoadFile SUCCEED
6) stepSlider valueChanged
7) stepSlider valueChanged
8) stepSlider valueChanged
9) spinboxes valueChanged
10) Filename Selected: /Users/k3rnel1x/Programming/qt_op_labs_bmstu/laba4/test_files/students_exams (вариант 2).csv
11) renderButton clicked
12) starting normalize.. Params: Norm range: [0, 1] zRange: [0.000000, 131.000000]
13) normalizing succeed.
14) Render started!
15) spinboxes valueChanged
16) spinboxes valueChanged
17) renderButton clicked
18) starting normalize.. Params: Norm range: [0, 45] zRange: [0.000000, 131.000000]
19) normalizing succeed.
20) Render started!
21) spinboxes valueChanged
22) spinboxes valueChanged
23) spinboxes valueChanged
24) spinboxes valueChanged
25) renderButton clicked
26) starting normalize.. Params: Norm range: [89, 99] zRange: [0.000000, 131.000000]
27) normalizing succeed.
28) Render started!
29) stepSlider valueChanged
30) stepSlider valueChanged
31) stepSlider valueChanged
32) stepSlider valueChanged
33) stepSlider valueChanged
34) stepSlider valueChanged
35) stepSlider valueChanged
36) stepSlider valueChanged
37) stepSlider valueChanged
38) stepSlider valueChanged
39) Application stoped succeed
40) Start clearing..
41) ->Clear context..
42) Clearing filename..
43) Clearing points..
44) ->Clear context succeed
45) CleanUp SUCCEED
----------------- New log session started... --------------
1) Application started succeed
2) Loading file.. (loadDataButton clicked)
3) Clearing filename..
4) Clearing points..
5) LoadFile SUCCEED
6) stepSlider valueChanged
7) stepSlider valueChanged
8) stepSlider valueChanged
9) spinboxes valueChanged
10) Filename Selected: /Users/k3rnel1x/Programming/qt_op_labs_bmstu/laba4/test_files/students_exams (вариант 2).csv
11) renderButton clicked
12) starting normalize.. Params: Norm range: [0, 1] zRange: [0.000000, 131.000000]
13) normalizing succeed.
14) Render started!
15) stepSlider valueChanged
16) stepSlider valueChanged
17) stepSlider valueChanged
18) stepSlider valueChanged
19) stepSlider valueChanged
20) stepSlider valueChanged
21) stepSlider valueChanged
22) stepSlider valueChanged
23) stepSlider valueChanged
24) stepSlider valueChanged
25) Application stoped succeed
26) Start clearing..
27) ->Clear context..
28) Clearing filename..
29) Clearing points..
30) ->Clear context succeed
31) CleanUp SUCCEED
----------------- New log session started... --------------
1) Application started succeed
2) Application stoped succeed
3) Start clearing..
4) ->Clear context..
5) Clearing filename..
6) Clearing points..
7) ->Clear context succeed
8) CleanUp SUCCEED
----------------- New log session started... --------------
1) Application started succeed
2) Loading file.. (loadDataButton clicked)
3) Clearing filename..
4) Clearing points..
5) LoadFile SUCCEED
6) stepSlider valueChanged
7) stepSlider valueChanged
8) stepSlider valueChanged
9) spinboxes valueChanged
10) Filename Selected: /Users/k3rnel1x/Programming/qt_op_labs_bmstu/laba4/test_files/students_exams (вариант 2).csv
11) spinboxes valueChanged
12) spinboxes valueChanged
13) spinboxes valueChanged
14) spinboxes valueChanged
15) spinboxes valueChanged
16) spinboxes valueChanged
17) spinboxes valueChanged
18) Application stoped succeed
19) Start clearing..
20) ->Clear context..
21) Clearing filename..
22) Clearing points..
23) ->Clear context succeed
24) CleanUp SUCCEED
----------------- New log session started... --------------
1) Application started succeed
2) Loading file.. (loadDataButton clicked)
3) Clearing filename..
4) Clearing points..
5) LoadFile SUCCEED
6) stepSlider valueChanged
7) stepSlider valueChanged
8) stepSlider valueChanged
9) spinboxes valueChanged
10) Filename Selected: /Users/k3rnel1x/Programming/qt_op_labs_bmstu/laba4/test_files/students_exams (вариант 2).csv
11) renderButton clicked
12) starting normalize.. Params: Norm range: [0, 1] zRange: [0.000000, 131.000000]
13) normalizing succeed.
14) Render started!
15) Application stoped succeed
16) Start clearing..
17) ->Clear context..
18) Clearing filename..
19) Clearing points..
20) ->Clear context succeed
21) CleanUp SUCCEED
----------------- New log session started... --------------
1) Application started succeed
2) Loading file.. (loadDataButton clicked)
3) Clearing filename..
4) Clearing points..
5) LoadFile SUCCEED
6) stepSlider valueChanged
7) stepSlider valueChanged
8) stepSlider valueChanged
9) spinboxes valueChanged
10) Filename Selected: /Users/k3rnel1x/Programming/qt_op_labs_bmstu/laba4/test_files/students_exams (вариант 2).csv
11) renderButton clicked
12) starting normalize.. Params: Norm range: [0, 1] zRange: [0.000000, 131.000000]
13) normalizing succeed.
14) Render started!
15) Application stoped succeed
16) Start clearing..
17) ->Clear context..
18) Clearing filename..
19) Clearing points..
20) ->Clear context succeed
21) CleanUp SUCCEED
----------------- New log session started... --------------
1) Application started succeed
2) Loading file.. (loadDataButton clicked)
3) Clearing filename..
4) Clearing points..
5) LoadFile SUCCEED
6) stepSlider valueChanged
7) stepSlider valueChanged
8) stepSlider valueChanged
9) spinboxes valueChanged
10) Filename Selected: /Users/k3rnel1x/Programming/qt_op_labs_bmstu/laba4/test_files/students_exams (вариант 2).csv
11) renderButton clicked
12) starting normalize.. Params: Norm range: [0, 1] zRange: [0.000000, 131.000000]
13) normalizing succeed.
14) Render started!
----------------- New log session started... --------------
1) Application started succeed
2) Loading file.. (loadDataButton clicked)
3) Clearing filename..
4) Clearing points..
5) LoadFile SUCCEED
6) stepSlider valueChanged
7) stepSlider valueChanged
8) stepSlider valueChanged
9) spinboxes valueChanged
10) Filename Selected: /Users/k3rnel1x/Programming/qt_op_labs_bmstu/laba4/test_files/students_exams (вариант 2).csv
11) renderButton clicked
12) starting normalize.. Params: Norm range: [0, 1] zRange: [0.000000, 131.000000]
13) normalizing succeed.
14) Render started!
15) Application stoped succeed
16) Start clearing..
17) ->Clear context..
18) Clearing filename..
19) Clearing points..
20) ->Clear context succeed
21) CleanUp SUCCEED
----------------- New log session started... --------------
1) Application started succeed
2) Loading file.. (loadDataButton clicked)
3) Clearing filename..
4) Clearing points..
5) LoadFile SUCCEED
6) stepSlider valueChanged
7) stepSlider valueChanged
8) stepSlider valueChanged
9) spinboxes valueChanged
10) Filename Selected: /Users/k3rnel1x/Programming/qt_op_labs_bmstu/laba4/test_files/students_exams (вариант 2).csv
11) renderButton clicked
12) starting normalize.. Params: Norm range: [0, 1] zRange: [0.000000, 131.000000]
13) normalizing succeed.
14) Render started!
15) Application stoped succeed
16) Start clearing..
17) ->Clear context..
18) Clearing filename..
19) Clearing points..
20) ->Clear context succeed
21) CleanUp SUCCEED
----------------- New log session started... --------------
1) Application started succeed
----------------- New log session started... --------------
1) Application started succeed
2) Loading file.. (loadDataButton clicked)
3) Clearing filename..
4) Clearing points..
5) LoadFile SUCCEED
6) stepSlider valueChanged
7) stepSlider valueChanged
8) stepSlider valueChanged
9) spinboxes valueChanged
10) Filename Selected: /Users/k3rnel1x/Programming/qt_op_labs_bmstu/laba4/test_files/students_exams (вариант 2).csv
11) renderButton clicked
12) starting normalize.. Params: Norm range: [0, 1] zRange: [0.000000, 131.000000]
13) normalizing succeed.
14) Render started!
15) Application stoped succeed
16) Start clearing..
17) ->Clear context..
18) Clearing filename..
19) Clearing points..
20) ->Clear context succeed
21) CleanUp SUCCEED
----------------- New log session started... --------------
1) Application started succeed
2) Loading file.. (loadDataButton clicked)
3) Clearing filename..
4) Clearing points..
5) LoadFile SUCCEED
6) stepSlider valueChanged
7) stepSlider valueChanged
8) stepSlider valueChanged
9) spinboxes valueChanged
10) Filename Selected: /Users/k3rnel1x/Programming/qt_op_labs_bmstu/laba4/test_files/students_exams (вариант 2).csv
11) renderButton clicked
12) starting normalize.. Params: Norm range: [0, 1] zRange: [0.000000, 131.000000]
13) normalizing succeed.
14) Render started!
15) Application stoped succeed
16) Start clearing..
17) ->Clear context..
18) Clearing filename..
19) Clearing points..
20) ->Clear context succeed
21) CleanUp SUCCEED
----------------- New log session started... --------------
1) Application started succeed
2) Loading file.. (loadDataButton clicked)
3) Clearing filename..
4) Clearing points..
5) LoadFile SUCCEED
6) stepSlider valueChanged
7) stepSlider valueChanged
8) stepSlider valueChanged
9) spinboxes valueChanged
10) Filename Selected: /Users/k3rnel1x/Programming/qt_op_labs_bmstu/laba4/test_files/students_exams (вариант 2).csv
11) renderButton clicked
12) starting normalize.. Params: Norm range: [0, 1] zRange: [0.000000, 131.000000]
13) normalizing succeed.
14) Render started!
----------------- New log session started... --------------
1) Application started succeed
2) Application stoped succeed
3) Start clearing..
4) ->Clear context..
5) Clearing filename..
6) Clearing points..
7) ->Clear context succeed
8) CleanUp SUCCEED
----------------- New log session started... --------------
1) Application started succeed
2) Loading file.. (loadDataButton clicked)
3) Clearing filename..
4) Clearing points..
5) LoadFile SUCCEED
6) stepSlider valueChanged
7) stepSlider valueChanged
8) stepSlider valueChanged
9) spinboxes valueChanged
10) Filename Selected: /Users/k3rnel1x/Programming/qt_op_labs_bmstu/laba4/test_files/students_exams (вариант 2).csv
11) renderButton clicked
12) starting normalize.. Params: Norm range: [0, 1] zRange: [0.000000, 131.000000]
13) normalizing succeed.
14) Render started!
15) Application stoped succeed
16) Start clearing..
17) ->Clear context..
18) Clearing filename..
19) Clearing points..
20) ->Clear context succeed
21) CleanUp SUCCEED
----------------- New log session started... --------------
1) Application started succeed
2) Loading file.. (loadDataButton clicked)
3) Clearing filename..
4) Clearing points..
5) LoadFile SUCCEED
6) stepSlider valueChanged
7) stepSlider valueChanged
8) stepSlider valueChanged
9) spinboxes valueChanged
10) Filename Selected: /Users/k3rnel1x/Programming/qt_op_labs_bmstu/laba4/test_files/students_exams (вариант 2).csv
11) renderButton clicked
12) starting normalize.. Params: Norm range: [0, 1] zRange: [0.000000, 131.000000]
13) normalizing succeed.
14) Render started!
----------------- New log session started... --------------
1) Application started succeed
2) Loading file.. (loadDataButton clicked)
3) Clearing filename..
4) Clearing points..
5) LoadFile SUCCEED
6) stepSlider valueChanged
7) stepSlider valueChanged
8) stepSlider valueChanged
9) spinboxes valueChanged
10) Filename Selected: /Users/k3rnel1x/Programming/qt_op_labs_bmstu/laba4/test_files/students_exams (вариант 2).csv
11) renderButton clicked
12) starting normalize.. Params: Norm range: [0, 1] zRange: [0.000000, 131.000000]
13) normalizing succeed.
14) Render started!
----------------- New log session started... --------------
1) Application started succeed
2) Loading file.. (loadDataButton clicked)
3) Clearing filename..
4) Clearing points..
5) LoadFile SUCCEED
6) stepSlider valueChanged
7) stepSlider valueChanged
8) stepSlider valueChanged
9) spinboxes valueChanged
10) Filename Selected: /Users/k3rnel1x/Programming/qt_op_labs_bmstu/laba4/test_files/students_exams (вариант 2).csv
11) renderButton clicked
12) starting normalize.. Params: Norm range: [0, 1] zRange: [0.000000, 131.000000]
13) normalizing succeed.
14) Render started!
----------------- New log session started... --------------
1) Application started succeed
2) Application stoped succeed
3) Start clearing..
4) ->Clear context..
5) Clearing filename..
6) Clearing points..
7) ->Clear context succeed
8) CleanUp SUCCEED
----------------- New log session started... --------------
1) Application started succeed
2) Loading file.. (loadDataButton clicked)
3) Clearing filename..
4) Clearing points..
5) LoadFile SUCCEED
6) stepSlider valueChanged
7) stepSlider valueChanged
8) stepSlider valueChanged
9) spinboxes valueChanged
10) Filename Selected: /Users/k3rnel1x/Programming/qt_op_labs_bmstu/laba4/test_files/students_exams (вариант 2).csv
11) renderButton clicked
12) starting normalize.. Params: Norm range: [0, 1] zRange: [0.000000, 131.000000]
13) normalizing succeed.
14) Render started!
15) Application stoped succeed
16) Start clearing..
17) ->Clear context..
18) Clearing filename..
19) Clearing points..
20) ->Clear context succeed
21) CleanUp SUCCEED
----------------- New log session started... --------------
1) Application started succeed
2) Loading file.. (loadDataButton clicked)
3) Clearing filename..
4) Clearing points..
5) LoadFile SUCCEED
6) stepSlider valueChanged
7) stepSlider valueChanged
8) stepSlider valueChanged
9) spinboxes valueChanged
10) Filename Selected: /Users/k3rnel1x/Programming/qt_op_labs_bmstu/laba4/test_files/students_exams (вариант 2).csv
11) renderButton clicked
12) starting normalize.. Params: Norm range: [0, 1] zRange: [0.000000, 131.000000]
13) normalizing succeed.
14) Render started!
15) Application stoped succeed
16) Start clearing..
17) ->Clear context..
18) Clearing filename..
19) Clearing points..
20) ->Clear context succeed
21) CleanUp SUCCEED
----------------- New log session started... --------------
1) Application started succeed
2) Loading file.. (loadDataButton clicked)
3) Clearing filename..
4) Clearing points..
5) LoadFile SUCCEED
6) stepSlider valueChanged
7) stepSlider valueChanged
8) stepSlider valueChanged
9) spinboxes valueChanged
10) Filename Selected: /Users/k3rnel1x/Programming/qt_op_labs_bmstu/laba4/test_files/students_exams (вариант 2).csv
11) renderButton clicked
12) starting normalize.. Params: Norm range: [0, 1] zRange: [0.000000, 131.000000]
13) normalizing succeed.
14) Render started!
15) Application stoped succeed
16) Start clearing..
17) ->Clear context..
18) Clearing filename..
19) Clearing points..
20) ->Clear context succeed
21) CleanUp SUCCEED
----------------- New log session started... --------------
1) Application started succeed
2) Loading file.. (loadDataButton clicked)
3) Clearing filename..
4) Clearing points..
5) LoadFile SUCCEED
6) stepSlider valueChanged
7) stepSlider valueChanged
8) stepSlider valueChanged
9) spinboxes valueChanged
10) Filename Selected: /Users/k3rnel1x/Programming/qt_op_labs_bmstu/laba4/test_files/students_exams (вариант 2).csv
11) renderButton clicked
12) starting normalize.. Params: Norm range: [0, 1] zRange: [0.000000, 131.000000]
13) normalizing succeed.
14) Render started!
15) Application stoped succeed
16) Start clearing..
17) ->Clear context..
18) Clearing filename..
19) Clearing points..
20) ->Clear context succeed
21) CleanUp SUCCEED
----------------- New log session started... --------------
1) Application started succeed
2) Loading file.. (loadDataButton clicked)
3) Clearing filename..
4) Clearing points..
5) LoadFile SUCCEED
6) stepSlider valueChanged
7) stepSlider valueChanged
8) stepSlider valueChanged
9) spinboxes valueChanged
10) Filename Selected: /Users/k3rnel1x/Programming/qt_op_labs_bmstu/laba4/test_files/students_exams (вариант 2).csv
11) renderButton clicked
12) starting normalize.. Params: Norm range: [0, 1] zRange: [0.000000, 131.000000]
13) normalizing succeed.
14) Render started!
----------------- New log session started... --------------
1) Application started succeed
2) Loading file.. (loadDataButton clicked)
3) Clearing filename..
4) Clearing points..
5) LoadFile SUCCEED
6) stepSlider valueChanged
7) stepSlider valueChanged
8) stepSlider valueChanged
9) spinboxes valueChanged
10) Filename Selected: /Users/k3rnel1x/Programming/qt_op_labs_bmstu/laba4/test_files/students_exams (вариант 2).csv
11) renderButton clicked
12) starting normalize.. Params: Norm range: [0, 1] zRange: [0.000000, 131.000000]
13) normalizing succeed.
14) Render started!
----------------- New log session started... --------------
1) Application started succeed
2) Application stoped succeed
3) Start clearing..
4) ->Clear context..
5) Clearing filename..
6) Clearing points..
7) ->Clear context succeed
8) CleanUp SUCCEED
----------------- New log session started... --------------
1) Application started succeed
2) Loading file.. (loadDataButton clicked)
3) Clearing filename..
4) Clearing points..
5) LoadFile SUCCEED
6) stepSlider valueChanged
7) stepSlider valueChanged
8) stepSlider valueChanged
9) spinboxes valueChanged
10) Filename Selected: /Users/k3rnel1x/Programming/qt_op_labs_bmstu/laba4/test_files/students_exams (вариант 2).csv
11) renderButton clicked
12) starting normalize.. Params: Norm range: [0, 1] zRange: [0.000000, 131.000000]
13) normalizing succeed.
14) Render started!
----------------- New log session started... --------------
1) Application started succeed
2) Loading file.. (loadDataButton clicked)
3) Clearing filename..
4) Clearing points..
5) LoadFile SUCCEED
6) stepSlider valueChanged
7) stepSlider valueChanged
8) stepSlider valueChanged
9) spinboxes valueChanged
10) Filename Selected: /Users/k3rnel1x/Programming/qt_op_labs_bmstu/laba4/test_files/students_exams (вариант 2).csv
11) renderButton clicked
12) starting normalize.. Params: Norm range: [0, 1] zRange: [0.000000, 131.000000]
13) normalizing succeed.
14) Render started!
----------------- New log session started... --------------
1) Application started succeed
2) Loading file.. (loadDataButton clicked)
3) Clearing filename..
4) Clearing points..
5) LoadFile SUCCEED
6) stepSlider valueChanged
7) stepSlider valueChanged
8) stepSlider valueChanged
9) spinboxes valueChanged
10) Filename Selected: /Users/k3rnel1x/Programming/qt_op_labs_bmstu/laba4/test_files/students_exams (вариант 2).csv
11) renderButton clicked
12) starting normalize.. Params: Norm range: [0, 1] zRange: [0.000000, 131.000000]
13) normalizing succeed.
14) Render started!
15) Application stoped succeed
16) Start clearing..
17) ->Clear context..
18) Clearing filename..
19) Clearing points..
20) ->Clear context succeed
21) CleanUp SUCCEED
----------------- New log session started... --------------
1) Application started succeed
2) Loading file.. (loadDataButton clicked)
3) Clearing filename..
4) Clearing points..
5) LoadFile SUCCEED
6) stepSlider valueChanged
7) stepSlider valueChanged
8) stepSlider valueChanged
9) spinboxes valueChanged
10) Filename Selected: /Users/k3rnel1x/Programming/qt_op_labs_bmstu/laba4/test_files/students_exams (вариант 2).csv
11) renderButton clicked
12) starting normalize.. Params: Norm range: [0, 1] zRange: [0.000000, 131.000000]
13) normalizing succeed.
14) Render started!
15) spinboxes valueChanged
16) spinboxes valueChanged
17) spinboxes valueChanged
18) renderButton clicked
19) starting normalize.. Params: Norm range: [0, 99] zRange: [0.000000, 131.000000]
20) normalizing succeed.
21) Render started!
22) Application stoped succeed
23) Start clearing..
24) ->Clear context..
25) Clearing filename..
26) Clearing points..
27) ->Clear context succeed
28) CleanUp SUCCEED
----------------- New log session started... --------------
1) Application started succeed
2) Loading file.. (loadDataButton clicked)
3) Clearing filename..
4) Clearing points..
5) LoadFile SUCCEED
6) stepSlider valueChanged
7) stepSlider valueChanged
8) stepSlider valueChanged
9) spinboxes valueChanged
10) Filename Selected: /Users/k3rnel1x/Programming/qt_op_labs_bmstu/laba4/test_files/students_exams (вариант 2).csv
11) renderButton clicked
12) starting normalize.. Params: Norm range: [0, 1] zRange: [0.000000, 131.000000]
13) normalizing succeed.
14) Render started!
----------------- New log session started... --------------
1) Application started succeed
2) Loading file.. (loadDataButton clicked)
3) Clearing filename..
4) Clearing points..
5) LoadFile SUCCEED
6) stepSlider valueChanged
7) stepSlider valueChanged
8) stepSlider valueChanged
9) spinboxes valueChanged
10) Filename Selected: /Users/k3rnel1x/Programming/qt_op_labs_bmstu/laba4/test_files/students_exams (вариант 2).csv
11) renderButton clicked
12) starting normalize.. Params: Norm range: [0, 1] zRange: [0.000000, 131.000000]
13) normalizing succeed.
14) Render started!
15) Application stoped succeed
16) Start clearing..
17) ->Clear context..
18) Clearing filename..
19) Clearing points..
20) ->Clear context succeed
21) CleanUp SUCCEED
----------------- New log session started... --------------
1) Application started succeed
2) Loading file.. (loadDataButton clicked)
3) Clearing filename..
4) Clearing points..
5) LoadFile SUCCEED
6) stepSlider valueChanged
7) stepSlider valueChanged
8) stepSlider valueChanged
9) spinboxes valueChanged
10) Filename Selected: /Users/k3rnel1x/Programming/qt_op_labs_bmstu/laba4/test_files/students_exams (вариант 2).csv
11) renderButton clicked
12) starting normalize.. Params: Norm range: [0, 1] zRange: [0.000000, 131.000000]
13) normalizing succeed.
14) Render started!
15) Application stoped succeed
16) Start clearing..
17) ->Clear context..
18) Clearing filename..
19) Clearing points..
20) ->Clear context succeed
21) CleanUp SUCCEED
----------------- New log session started... --------------
1) Application started succeed
2) Loading file.. (loadDataButton clicked)
3) Clearing filename..
4) Clearing points..
5) LoadFile SUCCEED
6) stepSlider valueChanged
7) stepSlider valueChanged
8) stepSlider valueChanged
9) spinboxes valueChanged
10) Filename Selected: /Users/k3rnel1x/Programming/qt_op_labs_bmstu/laba4/test_files/students_exams (вариант 2).csv
11) renderButton clicked
12) starting normalize.. Params: Norm range: [0, 1] zRange: [0.000000, 131.000000]
13) normalizing succeed.
14) Render started!
15) Application stoped succeed
16) Start clearing..
17) ->Clear context..
18) Clearing filename..
19) Clearing points..
20) ->Clear context succeed
21) CleanUp SUCCEED
----------------- New log session started... --------------
1) Application started succeed
2) Loading file.. (loadDataButton clicked)
3) Clearing filename..
4) Clearing points..
5) LoadFile SUCCEED
6) stepSlider valueChanged
7) stepSlider valueChanged
8) stepSlider valueChanged
9) spinboxes valueChanged
10) Filename Selected: /Users/k3rnel1x/Programming/qt_op_labs_bmstu/laba4/test_files/students_exams (вариант 2).csv
11) renderButton clicked
12) starting normalize.. Params: Norm range: [0, 1] zRange: [0.000000, 131.000000]
13) normalizing succeed.
14) Render started!
15) Loading file.. (loadDataButton clicked)
16) Clearing filename..
17) Clearing points..
18) LoadFile SUCCEED
19) stepSlider valueChanged
20) spinboxes valueChanged
21) Filename Selected: /Users/k3rnel1x/Programming/qt_op_labs_bmstu/laba4/test_files/students_exams (вариант 2).csv
22) Application stoped succeed
23) Start clearing..
24) ->Clear context..
25) Clearing filename..
26) Clearing points..
27) ->Clear context succeed
28) CleanUp SUCCEED
----------------- New log session started... --------------
1) Application started succeed
2) Application stoped succeed
3) Start clearing..
4) ->Clear context..
5) Clearing filename..
6) Clearing points..
7) ->Clear context succeed
8) CleanUp SUCCEED
----------------- New log session started... --------------
1) Application started succeed
2) Loading file.. (loadDataButton clicked)
3) Clearing filename..
4) Clearing points..
5) LoadFile SUCCEED
6) stepSlider valueChanged
7) stepSlider valueChanged
8) stepSlider valueChanged
9) spinboxes valueChanged
10) Filename Selected: /Users/k3rnel1x/Programming/qt_op_labs_bmstu/laba4/test_files/students_exams (вариант 2).csv
11) renderButton clicked
12) starting normalize.. Params: Norm range: [0, 1] zRange: [0.000000, 131.000000]
13) normalizing succeed.
14) Render started!
----------------- New log session started... --------------
1) Application started succeed
2) Loading file.. (loadDataButton clicked)
3) Clearing filename..
4) Clearing points..
5) LoadFile SUCCEED
6) stepSlider valueChanged
7) stepSlider valueChanged
8) stepSlider valueChanged
9) spinboxes valueChanged
10) Filename Selected: /Users/k3rnel1x/Programming/qt_op_labs_bmstu/laba4/test_files/students_exams (вариант 2).csv
11) renderButton clicked
12) starting normalize.. Params: Norm range: [0, 1] zRange: [0.000000, 131.000000]
13) normalizing succeed.
14) Render started!
15) Application stoped succeed
16) Start clearing..
17) ->Clear context..
18) Clearing filename..
19) Clearing points..
20) ->Clear context succeed
21) CleanUp SUCCEED
----------------- New log session started... --------------
1) Application started succeed
2) Loading file.. (loadDataButton clicked)
3) Clearing filename..
4) Clearing points..
5) LoadFile SUCCEED
6) stepSlider valueChanged
7) stepSlider valueChanged
8) stepSlider valueChanged
9) spinboxes valueChanged
10) Filename Selected: /Users/k3rnel1x/Programming/qt_op_labs_bmstu/laba4/test_files/students_exams (вариант 2).csv
11) renderButton clicked
12) starting normalize.. Params: Norm range: [0, 1] zRange: [0.000000, 131.000000]
13) normalizing succeed.
14) Render started!
15) Application stoped succeed
16) Start clearing..
17) ->Clear context..
18) Clearing filename..
19) Clearing points..
20) ->Clear context succeed
21) CleanUp SUCCEED
----------------- New log session started... --------------
1) Application started succeed
2) Loading file.. (loadDataButton clicked)
3) Clearing filename..
4) Clearing points..
5) LoadFile SUCCEED
6) stepSlider valueChanged
7) stepSlider valueChanged
8) stepSlider valueChanged
9) spinboxes valueChanged
10) Filename Selected: /Users/k3rnel1x/Programming/qt_op_labs_bmstu/laba4/test_files/students_exams (вариант 2).csv
11) renderButton clicked
12) starting normalize.. Params: Norm range: [0, 1] zRange: [0.000000, 131.000000]
13) normalizing succeed.
14) Render started!
15) Application stoped succeed
16) Start clearing..
17) ->Clear context..
18) Clearing filename..
19) Clearing points..
20) ->Clear context succeed
21) CleanUp SUCCEED
----------------- New log session started... --------------
1) Application started succeed
2) Loading file.. (loadDataButton clicked)
3) Clearing filename..
4) Clearing points..
5) LoadFile SUCCEED
6) stepSlider valueChanged
7) stepSlider valueChanged
8) stepSlider valueChanged
9) spinboxes valueChanged
10) Filename Selected: /Users/k3rnel1x/Programming/qt_op_labs_bmstu/laba4/test_files/students_exams (вариант 2).csv
11) renderButton clicked
12) starting normalize.. Params: Norm range: [0, 1] zRange: [0.000000, 131.000000]
13) normalizing succeed.
14) Render started!
----------------- New log session started... --------------
1) Application started succeed
2) Loading file.. (loadDataButton clicked)
3) Clearing filename..
4) Clearing points..
5) LoadFile SUCCEED
6) stepSlider valueChanged
7) stepSlider valueChanged
8) stepSlider valueChanged
9) spinboxes valueChanged
10) Filename Selected: /Users/k3rnel1x/Programming/qt_op_labs_bmstu/laba4/test_files/students_exams (вариант 2).csv
11) renderButton clicked
12) starting normalize.. Params: Norm range: [0, 1] zRange: [0.000000, 131.000000]
13) normalizing succeed.
14) Render started!
15) Application stoped succeed
16) Start clearing..
17) ->Clear context..
18) Clearing filename..
19) Clearing points..
20) ->Clear context succeed
21) CleanUp SUCCEED
----------------- New log session started... --------------
1) Application started succeed
2) Loading file.. (loadDataButton clicked)
3) Clearing filename..
4) Clearing points..
5) LoadFile SUCCEED
6) stepSlider valueChanged
7) stepSlider valueChanged
8) stepSlider valueChanged
9) spinboxes valueChanged
10) Filename Selected: /Users/k3rnel1x/Programming/qt_op_labs_bmstu/laba4/test_files/students_exams (вариант 2).csv
11) renderButton clicked
12) starting normalize.. Params: Norm range: [0, 1] zRange: [0.000000, 131.000000]
13) normalizing succeed.
14) Render started!
----------------- New log session started... --------------
1) Application started succeed
2) Loading file.. (loadDataButton clicked)
3) Clearing filename..
4) Clearing points..
5) LoadFile SUCCEED
6) stepSlider valueChanged
7) stepSlider valueChanged
8) stepSlider valueChanged
9) spinboxes valueChanged
10) Filename Selected: /Users/k3rnel1x/Programming/qt_op_labs_bmstu/laba4/test_files/students_exams (вариант 2).csv
11) renderButton clicked
12) starting normalize.. Params: Norm range: [0, 1] zRange: [0.000000, 131.000000]
13) normalizing succeed.
14) Render started!
15) Application stoped succeed
16) Start clearing..
17) ->Clear context..
18) Clearing filename..
19) Clearing points..
20) ->Clear context succeed
21) CleanUp SUCCEED
----------------- New log session started... --------------
1) Application started succeed
2) Loading file.. (loadDataButton clicked)
3) Clearing filename..
4) Clearing points..
5) LoadFile SUCCEED
6) stepSlider valueChanged
7) stepSlider valueChanged
8) stepSlider valueChanged
9) spinboxes valueChanged
10) Filename Selected: /Users/k3rnel1x/Programming/qt_op_labs_bmstu/laba4/test_files/students_exams (вариант 2).csv
11) renderButton clicked
12) starting normalize.. Params: Norm range: [0, 1] zRange: [0.000000, 131.000000]
13) normalizing succeed.
14) Render started!
15) Application stoped succeed
16) Start clearing..
17) ->Clear context..
18) Clearing filename..
19) Clearing points..
20) ->Clear context succeed
21) CleanUp SUCCEED
----------------- New log session started... --------------
1) Application started succeed
2) Loading file.. (loadDataButton clicked)
3) Clearing filename..
4) Clearing points..
5) LoadFile SUCCEED
6) stepSlider valueChanged
7) stepSlider valueChanged
8) stepSlider valueChanged
9) spinboxes valueChanged
10) Filename Selected: /Users/k3rnel1x/Programming/qt_op_labs_bmstu/laba4/test_files/students_exams (вариант 2).csv
11) renderButton clicked
12) starting normalize.. Params: Norm range: [0, 1] zRange: [0.000000, 131.000000]
13) normalizing succeed.
14) Render started!
----------------- New log session started... --------------
1) Application started succeed
2) Loading file.. (loadDataButton clicked)
3) Clearing filename..
4) Clearing points..
5) LoadFile SUCCEED
6) stepSlider valueChanged
7) stepSlider valueChanged
8) stepSlider valueChanged
9) spinboxes valueChanged
10) Filename Selected: /Users/k3rnel1x/Programming/qt_op_labs_bmstu/laba4/test_files/students_exams (вариант 2).csv
11) renderButton clicked
12) starting normalize.. Params: Norm range: [0, 1] zRange: [0.000000, 131.000000]
13) normalizing succeed.
14) Render started!
----------------- New log session started... --------------
1) Application started succeed
2) Loading file.. (loadDataButton clicked)
3) Clearing filename..
4) Clearing points..
5) LoadFile SUCCEED
6) stepSlider valueChanged
7) stepSlider valueChanged
8) stepSlider valueChanged
9) spinboxes valueChanged
10) Filename Selected: /Users/k3rnel1x/Programming/qt_op_labs_bmstu/laba4/test_files/students_exams (вариант 2).csv
11) renderButton clicked
12) starting normalize.. Params: Norm range: [0, 1] zRange: [0.000000, 131.000000]
13) normalizing succeed.
14) Render started!
15) spinboxes valueChanged
16) spinboxes valueChanged
17) renderButton clicked
18) starting normalize.. Params: Norm range: [0, 99] zRange: [0.000000, 131.000000]
19) normalizing succeed.
20) Render started!
21) Application stoped succeed
22) Start clearing..
23) ->Clear context..
24) Clearing filename..
25) Clearing points..
26) ->Clear context succeed
27) CleanUp SUCCEED
----------------- New log session started... --------------
1) Application started succeed
2) Loading file.. (loadDataButton clicked)
3) Clearing filename..
4) Clearing points..
5) LoadFile SUCCEED
6) stepSlider valueChanged
7) stepSlider valueChanged
8) stepSlider valueChanged
9) spinboxes valueChanged
10) Filename Selected: /Users/k3rnel1x/Programming/qt_op_labs_bmstu/laba4/test_files/students_exams (вариант 2).csv
11) renderButton clicked
12) starting normalize.. Params: Norm range: [0, 1] zRange: [0.000000, 131.000000]
13) normalizing succeed.
14) Render started!
15) Application stoped succeed
16) Start clearing..
17) ->Clear context..
18) Clearing filename..
19) Clearing points..
20) ->Clear context succeed
21) CleanUp SUCCEED
----------------- New log session started... --------------
1) Application started succeed
2) Loading file.. (loadDataButton clicked)
3) Clearing filename..
4) Clearing points..
5) LoadFile SUCCEED
6) stepSlider valueChanged
7) stepSlider valueChanged
8) stepSlider valueChanged
9) spinboxes valueChanged
10) Filename Selected: /Users/k3rnel1x/Programming/qt_op_labs_bmstu/laba4/test_files/students_exams (вариант 2).csv
11) renderButton clicked
12) starting normalize.. Params: Norm range: [0, 1] zRange: [0.000000, 131.000000]
13) normalizing succeed.
14) Render started!
15) spinboxes valueChanged
16) spinboxes valueChanged
17) spinboxes valueChanged
18) renderButton clicked
19) starting normalize.. Params: Norm range: [0, 99] zRange: [0.000000, 131.000000]
20) normalizing succeed.
21) Render started!
22) Application stoped succeed
23) Start clearing..
24) ->Clear context..
25) Clearing filename..
26) Clearing points..
27) ->Clear context succeed
28) CleanUp SUCCEED
----------------- New log session started... --------------
1) Application started succeed
2) Loading file.. (loadDataButton clicked)
3) Clearing filename..
4) Clearing points..
5) LoadFile SUCCEED
6) stepSlider valueChanged
7) stepSlider valueChanged
8) stepSlider valueChanged
9) spinboxes valueChanged
10) Filename Selected: /Users/k3rnel1x/Programming/qt_op_labs_bmstu/laba4/test_files/students_exams (вариант 2).csv
11) renderButton clicked
12) starting normalize.. Params: Norm range: [0, 1] zRange: [0.000000, 131.000000]
13) normalizing succeed.
14) Render started!
15) Application stoped succeed
16) Start clearing..
17) ->Clear context..
18) Clearing filename..
19) Clearing points..
20) ->Clear context succeed
21) CleanUp SUCCEED
----------------- New log session started... --------------
1) Application started succeed
2) Loading file.. (loadDataButton clicked)
3) Clearing filename..
4) Clearing points..
5) LoadFile SUCCEED
6) stepSlider valueChanged
7) stepSlider valueChanged
8) stepSlider valueChanged
9) spinboxes valueChanged
10) Filename Selected: /Users/k3rnel1x/Programming/qt_op_labs_bmstu/laba4/test_files/students_exams (вариант 2).csv
11) renderButton clicked
12) starting normalize.. Params: Norm range: [0, 1] zRange: [0.000000, 131.000000]
13) normalizing succeed.
14) Render started!
15) spinboxes valueChanged
16) spinboxes valueChanged
17) spinboxes valueChanged
18) spinboxes valueChanged
19) renderButton clicked
20) starting normalize.. Params: Norm range: [0, 99] zRange: [0.000000, 131.000000]
21) normalizing succeed.
22) Render started!
23) Application stoped succeed
24) Start clearing..
25) ->Clear context..
26) Clearing filename..
27) Clearing points..
28) ->Clear context succeed
29) CleanUp SUCCEED
----------------- New log session started... --------------
1) Application started succeed
2) Loading file.. (loadDataButton clicked)
3) Clearing filename..
4) Clearing points..
5) LoadFile SUCCEED
6) stepSlider valueChanged
7) stepSlider valueChanged
8) stepSlider valueChanged
9) spinboxes valueChanged
10) Filename Selected: /Users/k3rnel1x/Programming/qt_op_labs_bmstu/laba4/test_files/students_exams (вариант 2).csv
11) renderButton clicked
12) starting normalize.. Params: Norm range: [0, 1] zRange: [0.000000, 131.000000]
13) normalizing succeed.
14) Render started!
15) spinboxes valueChanged
16) spinboxes valueChanged
17) spinboxes valueChanged
18) renderButton clicked
19) starting normalize.. Params: Norm range: [0, 99] zRange: [0.000000, 131.000000]
20) normalizing succeed.
21) Render started!
22) Application stoped succeed
23) Start clearing..
24) ->Clear context..
25) Clearing filename..
26) Clearing points..
27) ->Clear context succeed
28) CleanUp SUCCEED
----------------- New log session started... --------------
1) Application started succeed
2) Loading file.. (loadDataButton clicked)
3) Clearing filename..
4) Clearing points..
5) LoadFile SUCCEED
6) stepSlider valueChanged
7) stepSlider valueChanged
8) stepSlider valueChanged
9) spinboxes valueChanged
10) Filename Selected: /Users/k3rnel1x/Programming/qt_op_labs_bmstu/laba4/test_files/students_exams (вариант 2).csv
11) spinboxes valueChanged
12) spinboxes valueChanged
13) renderButton clicked
14) starting normalize.. Params: Norm range: [0, 99] zRange: [0.000000, 131.000000]
15) normalizing succeed.
16) Render started!
17) Application stoped succeed
18) Start clearing..
19) ->Clear context..
20) Clearing filename..
21) Clearing points..
22) ->Clear context succeed
23) CleanUp SUCCEED
----------------- New log session started... --------------
1) Application started succeed
2) Loading file.. (loadDataButton clicked)
3) Clearing filename..
4) Clearing points..
5) LoadFile SUCCEED
6) stepSlider valueChanged
7) stepSlider valueChanged
8) stepSlider valueChanged
9) spinboxes valueChanged
10) Filename Selected: /Users/k3rnel1x/Programming/qt_op_labs_bmstu/laba4/test_files/students_exams (вариант 2).csv
11) renderButton clicked
12) starting normalize.. Params: Norm range: [0, 1] zRange: [0.000000, 131.000000]
13) normalizing succeed.
14) Render started!
15) spinboxes valueChanged
16) spinboxes valueChanged
17) spinboxes valueChanged
18) renderButton clicked
19) starting normalize.. Params: Norm range: [8, 99] zRange: [0.000000, 131.000000]
20) normalizing succeed.
21) Render started!
22) spinboxes valueChanged
23) spinboxes valueChanged
24) renderButton clicked
25) starting normalize.. Params: Norm range: [90, 99] zRange: [0.000000, 131.000000]
26) normalizing succeed.
27) Render started!
28) Application stoped succeed
29) Start clearing..
30) ->Clear context..
31) Clearing filename..
32) Clearing points..
33) ->Clear context succeed
34) CleanUp SUCCEED
----------------- New log session started... --------------
1) Application started succeed
2) Loading file.. (loadDataButton clicked)
3) Clearing filename..
4) Clearing points..
5) LoadFile SUCCEED
6) stepSlider valueChanged
7) stepSlider valueChanged
8) stepSlider valueChanged
9) spinboxes valueChanged
10) Filename Selected: /Users/k3rnel1x/Programming/qt_op_labs_bmstu/laba4/test_files/students_exams (вариант 2).csv
11) renderButton clicked
12) starting normalize.. Params: Norm range: [0, 1] zRange: [0.000000, 131.000000]
13) normalizing succeed.
14) Render started!
15) spinboxes valueChanged
16) spinboxes valueChanged
17) renderButton clicked
18) starting normalize.. Params: Norm range: [0, 99] zRange: [0.000000, 131.000000]
19) normalizing succeed.
20) Render started!
21) spinboxes valueChanged
22) spinboxes valueChanged
23) renderButton clicked
24) starting normalize.. Params: Norm range: [90, 99] zRange: [0.000000, 131.000000]
25) normalizing succeed.
26) Render started!
27) Application stoped succeed
28) Start clearing..
29) ->Clear context..
30) Clearing filename..
31) Clearing points..
32) ->Clear context succeed
33) CleanUp SUCCEED
----------------- New log session started... --------------
1) Application started succeed
2) Loading file.. (loadDataButton clicked)
3) Clearing filename..
4) Clearing points..
5) LoadFile SUCCEED
6) stepSlider valueChanged
7) stepSlider valueChanged
8) stepSlider valueChanged
9) spinboxes valueChanged
10) Filename Selected: /Users/k3rnel1x/Programming/qt_op_labs_bmstu/laba4/test_files/students_exams (вариант 2).csv
11) renderButton clicked
12) starting normalize.. Params: Norm range: [0, 1] zRange: [0.000000, 131.000000]
13) normalizing succeed.
14) Render started!
15) stepSlider valueChanged
16) stepSlider valueChanged
17) stepSlider valueChanged
18) stepSlider valueChanged
19) stepSlider valueChanged
20) stepSlider valueChanged
21) stepSlider valueChanged
22) stepSlider valueChanged
23) stepSlider valueChanged
24) stepSlider valueChanged
25) stepSlider valueChanged
26) stepSlider valueChanged
27) stepSlider valueChanged
28) spinboxes valueChanged
29) spinboxes valueChanged
30) renderButton clicked
31) starting normalize.. Params: Norm range: [0, 99] zRange: [0.000000, 131.000000]
32) normalizing succeed.
33) Render started!
34) spinboxes valueChanged
35) spinboxes valueChanged
36) renderButton clicked
37) starting normalize.. Params: Norm range: [90, 99] zRange: [0.000000, 131.000000]
38) normalizing succeed.
39) Render started!
40) Application stoped succeed
41) Start clearing..
42) ->Clear context..
43) Clearing filename..
44) Clearing points..
45) ->Clear context succeed
46) CleanUp SUCCEED
----------------- New log session started... --------------
1) Application started succeed
2) Loading file.. (loadDataButton clicked)
3) Clearing filename..
4) Clearing points..
5) LoadFile SUCCEED
6) stepSlider valueChanged
7) stepSlider valueChanged
8) stepSlider valueChanged
9) spinboxes valueChanged
10) Filename Selected: /Users/k3rnel1x/Programming/qt_op_labs_bmstu/laba4/test_files/students_exams (вариант 2).csv
11) renderButton clicked
12) starting normalize.. Params: Norm range: [0, 1] zRange: [0.000000, 131.000000]
13) normalizing succeed.
14) Render started!
15) Application stoped succeed
16) Start clearing..
17) ->Clear context..
18) Clearing filename..
19) Clearing points..
20) ->Clear context succeed
21) CleanUp SUCCEED
----------------- New log session started... --------------
1) Application started succeed
2) Loading file.. (loadDataButton clicked)
3) Clearing filename..
4) Clearing points..
5) LoadFile SUCCEED
6) stepSlider valueChanged
7) stepSlider valueChanged
8) stepSlider valueChanged
9) spinboxes valueChanged
10) Filename Selected: /Users/k3rnel1x/Programming/qt_op_labs_bmstu/laba4/test_files/students_exams (вариант 2).csv
11) renderButton clicked
12) starting normalize.. Params: Norm range: [0, 1] zRange: [0.000000, 131.000000]
13) normalizing succeed.
14) Render started!
15) Application stoped succeed
16) Start clearing..
17) ->Clear context..
18) Clearing filename..
19) Clearing points..
20) ->Clear context succeed
21) CleanUp SUCCEED
----------------- New log session started... --------------
1) Application started succeed
2) Application stoped succeed
3) Start clearing..
4) ->Clear context..
5) Clearing filename..
6) Clearing points..
7) ->Clear context succeed
8) CleanUp SUCCEED
----------------- New log session started... --------------
1) Application started succeed
2) Loading file.. (loadDataButton clicked)
3) Clearing filename..
4) Clearing points..
5) LoadFile SUCCEED
6) stepSlider valueChanged
7) stepSlider valueChanged
8) stepSlider valueChanged
9) spinboxes valueChanged
10) Filename Selected: /Users/k3rnel1x/Programming/qt_op_labs_bmstu/laba4/test_files/students_exams (вариант 2).csv
11) renderButton clicked
12) starting normalize.. Params: Norm range: [0, 1] zRange: [0.000000, 131.000000]
13) normalizing succeed.
14) Render started!
15) Application stoped succeed
16) Start clearing..
17) ->Clear context..
18) Clearing filename..
19) Clearing points..
20) ->Clear context succeed
21) CleanUp SUCCEED
----------------- New log session started... --------------
1) Application started succeed
2) Loading file.. (loadDataButton clicked)
3) Clearing filename..
4) Clearing points..
5) LoadFile SUCCEED
6) stepSlider valueChanged
7) stepSlider valueChanged
8) stepSlider valueChanged
9) spinboxes valueChanged
10) Filename Selected: /Users/k3rnel1x/Programming/qt_op_labs_bmstu/laba4/test_files/students_exams (вариант 2).csv
11) renderButton clicked
12) starting normalize.. Params: Norm range: [0, 1] zRange: [0.000000, 131.000000]
13) normalizing succeed.
14) Render started!
15) Application stoped succeed
16) Start clearing..
17) ->Clear context..
18) Clearing filename..
19) Clearing points..
20) ->Clear context succeed
21) CleanUp SUCCEED
----------------- New log session started... --------------
1) Application started succeed
2) Loading file.. (loadDataButton clicked)
3) Clearing filename..
4) Clearing points..
5) LoadFile SUCCEED
6) stepSlider valueChanged
7) stepSlider valueChanged
8) stepSlider valueChanged
9) spinboxes valueChanged
10) Filename Selected: /Users/k3rnel1x/Programming/qt_op_labs_bmstu/laba4/test_files/students_exams (вариант 2).csv
11) renderButton clicked
12) starting normalize.. Params: Norm range: [0, 1] zRange: [0.000000, 131.000000]
13) normalizing succeed.
14) Render started!
15) Application stoped succeed
16) Start clearing..
17) ->Clear context..
18) Clearing filename..
19) Clearing points..
20) ->Clear context succeed
21) CleanUp SUCCEED
----------------- New log session started... --------------
1) Application started succeed
2) Loading file.. (loadDataButton clicked)
3) Clearing filename..
4) Clearing points..
5) LoadFile SUCCEED
6) stepSlider valueChanged
7) stepSlider valueChanged
8) stepSlider valueChanged
9) spinboxes valueChanged
10) Filename Selected: /Users/k3rnel1x/Programming/qt_op_labs_bmstu/laba4/test_files/students_exams (вариант 2).csv
11) renderButton clicked
12) starting normalize.. Params: Norm range: [0, 1] zRange: [0.000000, 131.000000]
13) normalizing succeed.
14) Render started!
15) Application stoped succeed
16) Start clearing..
17) ->Clear context..
18) Clearing filename..
19) Clearing points..
20) ->Clear context succeed
21) CleanUp SUCCEED
----------------- New log session started... --------------
1) Application started succeed
2) Application stoped succeed
3) Start clearing..
4) ->Clear context..
5) Clearing filename..
6) Clearing points..
7) ->Clear context succeed
8) CleanUp SUCCEED
----------------- New log session started... --------------
1) Application started succeed
2) Loading file.. (loadDataButton clicked)
3) Clearing filename..
4) Clearing points..
5) LoadFile SUCCEED
6) stepSlider valueChanged
7) stepSlider valueChanged
8) stepSlider valueChanged
9) spinboxes valueChanged
10) Filename Selected: /Users/k3rnel1x/Programming/qt_op_labs_bmstu/laba4/test_files/students_exams (вариант 2).csv
11) renderButton clicked
12) starting normalize.. Params: Norm range: [0, 1] zRange: [0.000000, 131.000000]
13) normalizing succeed.
14) Render started!
15) Application stoped succeed
16) Start clearing..
17) ->Clear context..
18) Clearing filename..
19) Clearing points..
20) ->Clear context succeed
21) CleanUp SUCCEED
----------------- New log session started... --------------
1) Application started succeed
2) Loading file.. (loadDataButton clicked)
3) Clearing filename..
4) Clearing points..
5) LoadFile SUCCEED
6) stepSlider valueChanged
7) stepSlider valueChanged
8) stepSlider valueChanged
9) spinboxes valueChanged
10) Filename Selected: /Users/k3rnel1x/Programming/qt_op_labs_bmstu/laba4/test_files/students_exams (вариант 2).csv
11) renderButton clicked
12) starting normalize.. Params: Norm range: [0, 1] zRange: [0.000000, 131.000000]
13) normalizing succeed.
14) Render started!
15) Application stoped succeed
16) Start clearing..
17) ->Clear context..
18) Clearing filename..
19) Clearing points..
20) ->Clear context succeed
21) CleanUp SUCCEED
----------------- New log session started... --------------
1) Application started succeed
2) Loading file.. (loadDataButton clicked)
3) Clearing filename..
4) Clearing points..
5) LoadFile SUCCEED
6) stepSlider valueChanged
7) stepSlider valueChanged
8) stepSlider valueChanged
9) spinboxes valueChanged
10) Filename Selected: /Users/k3rnel1x/Programming/qt_op_labs_bmstu/laba4/test_files/students_exams (вариант 2).csv
11) renderButton clicked
12) starting normalize.. Params: Norm range: [0, 1] zRange: [0.000000, 131.000000]
13) normalizing succeed.
14) Render started!
15) spinboxes valueChanged
16) spinboxes valueChanged
17) spinboxes valueChanged
18) spinboxes valueChanged
19) renderButton clicked
20) starting normalize.. Params: Norm range: [90, 99] zRange: [0.000000, 131.000000]
21) normalizing succeed.
22) Render started!
23) spinboxes valueChanged
24) spinboxes valueChanged
25) renderButton clicked
26) starting normalize.. Params: Norm range: [1, 99] zRange: [0.000000, 131.000000]
27) normalizing succeed.
28) Render started!
29) spinboxes valueChanged
30) renderButton clicked
31) starting normalize.. Params: Norm range: [0, 99] zRange: [0.000000, 131.000000]
32) normalizing succeed.
33) Render started!
34) Application stoped succeed
35) Start clearing..
36) ->Clear context..
37) Clearing filename..
38) Clearing points..
39) ->Clear context succeed
40) CleanUp SUCCEED
----------------- New log session started... --------------
1) Application started succeed
2) Loading file.. (loadDataButton clicked)
3) Clearing filename..
4) Clearing points..
5) LoadFile SUCCEED
6) stepSlider valueChanged
7) stepSlider valueChanged
8) stepSlider valueChanged
9) spinboxes valueChanged
10) Filename Selected: /Users/k3rnel1x/Programming/qt_op_labs_bmstu/laba4/test_files/students_exams (вариант 2).csv
11) renderButton clicked
12) starting normalize.. Params: Norm range: [0, 1] zRange: [0.000000, 131.000000]
13) normalizing succeed.
14) Render started!
15) spinboxes valueChanged
16) spinboxes valueChanged
17) spinboxes valueChanged
18) renderButton clicked
19) starting normalize.. Params: Norm range: [1, 99] zRange: [0.000000, 131.000000]
20) normalizing succeed.
21) Render started!
22) renderButton clicked
23) starting normalize.. Params: Norm range: [1, 99] zRange: [0.000000, 131.000000]
24) normalizing succeed.
25) Render started!
26) Application stoped succeed
27) Start clearing..
28) ->Clear context..
29) Clearing filename..
30) Clearing points..
31) ->Clear context succeed
32) CleanUp SUCCEED
----------------- New log session started... --------------
1) Application started succeed
2) Loading file.. (loadDataButton clicked)
3) Clearing filename..
4) Clearing points..
5) LoadFile SUCCEED
6) stepSlider valueChanged
7) stepSlider valueChanged
8) stepSlider valueChanged
9) spinboxes valueChanged
10) Filename Selected: /Users/k3rnel1x/Programming/qt_op_labs_bmstu/laba4/test_files/students_exams (вариант 2).csv
11) renderButton clicked
12) starting normalize.. Params: Norm range: [0, 1] zRange: [0.000000, 131.000000]
13) normalizing succeed.
14) Render started!
15) Application stoped succeed
16) Start clearing..
17) ->Clear context..
18) Clearing filename..
19) Clearing points..
20) ->Clear context succeed
21) CleanUp SUCCEED
----------------- New log session started... --------------
1) Application started succeed
2) Loading file.. (loadDataButton clicked)
3) Clearing filename..
4) Clearing points..
5) LoadFile SUCCEED
6) stepSlider valueChanged
7) stepSlider valueChanged
8) stepSlider valueChanged
9) spinboxes valueChanged
10) Filename Selected: /Users/k3rnel1x/Programming/qt_op_labs_bmstu/laba4/test_files/students_exams (вариант 2).csv
11) renderButton clicked
12) starting normalize.. Params: Norm range: [0, 1] zRange: [0.000000, 131.000000]
13) normalizing succeed.
14) Render started!
15) Application stoped succeed
16) Start clearing..
17) ->Clear context..
18) Clearing filename..
19) Clearing points..
20) ->Clear context succeed
21) CleanUp SUCCEED
----------------- New log session started... --------------
1) Application started succeed
2) Loading file.. (loadDataButton clicked)
3) Clearing filename..
4) Clearing points..
5) LoadFile SUCCEED
6) stepSlider valueChanged
7) stepSlider valueChanged
8) stepSlider valueChanged
9) spinboxes valueChanged
10) Filename Selected: /Users/k3rnel1x/Programming/qt_op_labs_bmstu/laba4/test_files/students_exams (вариант 2).csv
11) renderButton clicked
12) starting normalize.. Params: Norm range: [0, 1] zRange: [0.000000, 131.000000]
13) normalizing succeed.
14) Render started!
15) Application stoped succeed
16) Start clearing..
17) ->Clear context..
18) Clearing filename..
19) Clearing points..
20) ->Clear context succeed
21) CleanUp SUCCEED
----------------- New log session started... --------------
1) Application started succeed
2) Loading file.. (loadDataButton clicked)
3) Clearing filename..
4) Clearing points..
5) LoadFile SUCCEED
6) stepSlider valueChanged
7) stepSlider valueChanged
8) stepSlider valueChanged
9) spinboxes valueChanged
10) Filename Selected: /Users/k3rnel1x/Programming/qt_op_labs_bmstu/laba4/test_files/students_exams (вариант 2).csv
11) renderButton clicked
12) starting normalize.. Params: Norm range: [0, 1] zRange: [0.000000, 131.000000]
13) normalizing succeed.
14) Render started!
15) Application stoped succeed
16) Start clearing..
17) ->Clear context..
18) Clearing filename..
19) Clearing points..
20) ->Clear context succeed
21) CleanUp SUCCEED
----------------- New log session started... --------------
1) Application started succeed
2) Loading file.. (loadDataButton clicked)
3) Clearing filename..
4) Clearing points..
5) LoadFile SUCCEED
6) stepSlider valueChanged
7) stepSlider valueChanged
8) stepSlider valueChanged
9) spinboxes valueChanged
10) Filename Selected: /Users/k3rnel1x/Programming/qt_op_labs_bmstu/laba4/test_files/students_exams (вариант 2).csv
11) renderButton clicked
12) starting normalize.. Params: Norm range: [0, 1] zRange: [0.000000, 131.000000]
13) normalizing succeed.
14) Render started!
15) spinboxes valueChanged
16) spinboxes valueChanged
17) spinboxes valueChanged
18) spinboxes valueChanged
19) spinboxes valueChanged
20) renderButton clicked
21) starting normalize.. Params: Norm range: [1, 99] zRange: [0.000000, 131.000000]
22) normalizing succeed.
23) Render started!
24) Application stoped succeed
25) Start clearing..
26) ->Clear context..
27) Clearing filename..
28) Clearing points..
29) ->Clear context succeed
30) CleanUp SUCCEED
----------------- New log session started... --------------
1) Application started succeed
2) Loading file.. (loadDataButton clicked)
3) Clearing filename..
4) Clearing points..
5) LoadFile SUCCEED
6) stepSlider valueChanged
7) stepSlider valueChanged
8) stepSlider valueChanged
9) spinboxes valueChanged
10) Filename Selected: /Users/k3rnel1x/Programming/qt_op_labs_bmstu/laba4/test_files/students_exams (вариант 2).csv
11) renderButton clicked
12) starting normalize.. Params: Norm range: [0, 1] zRange: [0.000000, 131.000000]
13) normalizing succeed.
14) Render started!
15) spinboxes valueChanged
16) spinboxes valueChanged
17) spinboxes valueChanged
18) renderButton clicked
19) starting normalize.. Params: Norm range: [1, 99] zRange: [0.000000, 131.000000]
20) normalizing succeed.
21) Render started!
22) Application stoped succeed
23) Start clearing..
24) ->Clear context..
25) Clearing filename..
26) Clearing points..
27) ->Clear context succeed
28) CleanUp SUCCEED
----------------- New log session started... --------------
1) Application started succeed
2) Loading file.. (loadDataButton clicked)
3) Clearing filename..
4) Clearing points..
5) LoadFile SUCCEED
6) stepSlider valueChanged
7) stepSlider valueChanged
8) stepSlider valueChanged
9) spinboxes valueChanged
10) Filename Selected: /Users/k3rnel1x/Programming/qt_op_labs_bmstu/laba4/test_files/students_exams (вариант 2).csv
11) renderButton clicked
12) starting normalize.. Params: Norm range: [0, 1] zRange: [0.000000, 131.000000]
13) normalizing succeed.
14) Render started!
15) spinboxes valueChanged
16) spinboxes valueChanged
17) spinboxes valueChanged
18) renderButton clicked
19) starting normalize.. Params: Norm range: [1, 99] zRange: [0.000000, 131.000000]
20) normalizing succeed.
21) Render started!
22) Application stoped succeed
23) Start clearing..
24) ->Clear context..
25) Clearing filename..
26) Clearing points..
27) ->Clear context succeed
28) CleanUp SUCCEED
----------------- New log session started... --------------
1) Application started succeed
2) Loading file.. (loadDataButton clicked)
3) Clearing filename..
4) Clearing points..
5) LoadFile SUCCEED
6) stepSlider valueChanged
7) stepSlider valueChanged
8) stepSlider valueChanged
9) spinboxes valueChanged
10) Filename Selected: /Users/k3rnel1x/Programming/qt_op_labs_bmstu/laba4/test_files/students_exams (вариант 2).csv
11) spinboxes valueChanged
12) spinboxes valueChanged
13) spinboxes valueChanged
14) renderButton clicked
15) starting normalize.. Params: Norm range: [1, 99] zRange: [0.000000, 131.000000]
16) normalizing succeed.
17) Render started!
18) Application stoped succeed
19) Start clearing..
20) ->Clear context..
21) Clearing filename..
22) Clearing points..
23) ->Clear context succeed
24) CleanUp SUCCEED
----------------- New log session started... --------------
1) Application started succeed
2) Loading file.. (loadDataButton clicked)
3) Clearing filename..
4) Clearing points..
5) LoadFile SUCCEED
6) stepSlider valueChanged
7) stepSlider valueChanged
8) stepSlider valueChanged
9) spinboxes valueChanged
10) Filename Selected: /Users/k3rnel1x/Programming/qt_op_labs_bmstu/laba4/test_files/students_exams (вариант 2).csv
11) renderButton clicked
12) starting normalize.. Params: Norm range: [0, 1] zRange: [0.000000, 131.000000]
13) normalizing succeed.
14) Render started!
15) stepSlider valueChanged
16) stepSlider valueChanged
17) stepSlider valueChanged
18) stepSlider valueChanged
19) stepSlider valueChanged
20) stepSlider valueChanged
21) stepSlider valueChanged
22) stepSlider valueChanged
23) stepSlider valueChanged
24) stepSlider valueChanged
25) stepSlider valueChanged
26) stepSlider valueChanged
27) stepSlider valueChanged
28) stepSlider valueChanged
29) stepSlider valueChanged
30) stepSlider valueChanged
31) stepSlider valueChanged
32) stepSlider valueChanged
33) stepSlider valueChanged
34) stepSlider valueChanged
35) stepSlider valueChanged
36) stepSlider valueChanged
37) stepSlider valueChanged
38) stepSlider valueChanged
39) stepSlider valueChanged
40) stepSlider valueChanged
41) stepSlider valueChanged
42) stepSlider valueChanged
43) stepSlider valueChanged
44) stepSlider valueChanged
45) stepSlider valueChanged
46) stepSlider valueChanged
47) stepSlider valueChanged
48) stepSlider valueChanged
49) stepSlider valueChanged
50) stepSlider valueChanged
51) stepSlider valueChanged
52) stepSlider valueChanged
53) stepSlider valueChanged
54) stepSlider valueChanged
55) stepSlider valueChanged
56) stepSlider valueChanged
57) stepSlider valueChanged
58) stepSlider valueChanged
59) stepSlider valueChanged
60) stepSlider valueChanged
61) stepSlider valueChanged
62) stepSlider valueChanged
63) stepSlider valueChanged
64) stepSlider valueChanged
65) stepSlider valueChanged
66) stepSlider valueChanged
67) stepSlider valueChanged
68) stepSlider valueChanged
69) stepSlider valueChanged
70) stepSlider valueChanged
71) stepSlider valueChanged
72) stepSlider valueChanged
73) stepSlider valueChanged
74) stepSlider valueChanged
75) stepSlider valueChanged
76) stepSlider valueChanged
77) stepSlider valueChanged
78) stepSlider valueChanged
79) stepSlider valueChanged
80) stepSlider valueChanged
81) stepSlider valueChanged
82) stepSlider valueChanged
83) stepSlider valueChanged
84) stepSlider valueChanged
85) stepSlider valueChanged
86) stepSlider valueChanged
87) stepSlider valueChanged
88) stepSlider valueChanged
89) stepSlider valueChanged
90) Application stoped succeed
91) Start clearing..
92) ->Clear context..
93) Clearing filename..
94) Clearing points..
95) ->Clear context succeed
96) CleanUp SUCCEED
----------------- New log session started... --------------
1) Application started succeed
2) Loading file.. (loadDataButton clicked)
3) Clearing filename..
4) Clearing points..
5) LoadFile SUCCEED
6) stepSlider valueChanged
7) stepSlider valueChanged
8) stepSlider valueChanged
9) spinboxes valueChanged
10) Filename Selected: /Users/k3rnel1x/Programming/qt_op_labs_bmstu/laba4/test_files/students_exams (вариант 2).csv
11) renderButton clicked
12) starting normalize.. Params: Norm range: [0, 1] zRange: [0.000000, 131.000000]
13) normalizing succeed.
14) Render started!
15) stepSlider valueChanged
16) stepSlider valueChanged
17) stepSlider valueChanged
18) stepSlider valueChanged
19) stepSlider valueChanged
20) stepSlider valueChanged
21) stepSlider valueChanged
22) stepSlider valueChanged
23) stepSlider valueChanged
24) stepSlider valueChanged
25) stepSlider valueChanged
26) stepSlider valueChanged
27) stepSlider valueChanged
28) stepSlider valueChanged
29) renderButton clicked
30) starting normalize.. Params: Norm range: [0, 1] zRange: [0.000000, 131.000000]
31) normalizing succeed.
32) Render started!
33) stepSlider valueChanged
34) stepSlider valueChanged
35) renderButton clicked
36) starting normalize.. Params: Norm range: [0, 1] zRange: [0.000000, 131.000000]
37) normalizing succeed.
38) Render started!
39) Application stoped succeed
40) Start clearing..
41) ->Clear context..
42) Clearing filename..
43) Clearing points..
44) ->Clear context succeed
45) CleanUp SUCCEED
----------------- New log session started... --------------
1) Application started succeed
2) Loading file.. (loadDataButton clicked)
3) Clearing filename..
4) Clearing points..
5) LoadFile SUCCEED
6) stepSlider valueChanged
7) stepSlider valueChanged
8) stepSlider valueChanged
9) spinboxes valueChanged
10) Filename Selected: /Users/k3rnel1x/Programming/qt_op_labs_bmstu/laba4/test_files/students_exams (вариант 2).csv
11) stepSlider valueChanged
12) stepSlider valueChanged
13) stepSlider valueChanged
14) stepSlider valueChanged
15) stepSlider valueChanged
16) stepSlider valueChanged
17) stepSlider valueChanged
18) stepSlider valueChanged
19) stepSlider valueChanged
20) stepSlider valueChanged
21) stepSlider valueChanged
22) stepSlider valueChanged
23) stepSlider valueChanged
24) renderButton clicked
25) starting normalize.. Params: Norm range: [0, 1] zRange: [0.000000, 131.000000]
26) normalizing succeed.
27) Render started!
28) stepSlider valueChanged
29) stepSlider valueChanged
30) stepSlider valueChanged
31) stepSlider valueChanged
32) stepSlider valueChanged
33) stepSlider valueChanged
34) stepSlider valueChanged
35) stepSlider valueChanged
36) stepSlider valueChanged
37) stepSlider valueChanged
38) stepSlider valueChanged
39) stepSlider valueChanged
40) renderButton clicked
41) starting normalize.. Params: Norm range: [0, 1] zRange: [0.000000, 131.000000]
42) normalizing succeed.
43) Render started!
44) stepSlider valueChanged
45) stepSlider valueChanged
46) stepSlider valueChanged
47) stepSlider valueChanged
48) stepSlider valueChanged
49) stepSlider valueChanged
50) renderButton clicked
51) starting normalize.. Params: Norm range: [0, 1] zRange: [0.000000, 131.000000]
52) normalizing succeed.
53) Render started!
54) Application stoped succeed
55) Start clearing..
56) ->Clear context..
57) Clearing filename..
58) Clearing points..
59) ->Clear context succeed
60) CleanUp SUCCEED
----------------- New log session started... --------------
1) Application started succeed
2) Loading file.. (loadDataButton clicked)
3) Clearing filename..
4) Clearing points..
5) LoadFile SUCCEED
6) stepSlider valueChanged
7) stepSlider valueChanged
8) stepSlider valueChanged
9) spinboxes valueChanged
10) Filename Selected: /Users/k3rnel1x/Programming/qt_op_labs_bmstu/laba4/test_files/students_exams (вариант 2).csv
11) renderButton clicked
12) starting normalize.. Params: Norm range: [0, 1] zRange: [0.000000, 131.000000]
13) normalizing succeed.
14) Render started!
15) Application stoped succeed
16) Start clearing..
17) ->Clear context..
18) Clearing filename..
19) Clearing points..
20) ->Clear context succeed
21) CleanUp SUCCEED
----------------- New log session started... --------------
1) Application started succeed
2) Loading file.. (loadDataButton clicked)
3) Clearing filename..
4) Clearing points..
5) LoadFile SUCCEED
6) stepSlider valueChanged
7) stepSlider valueChanged
8) stepSlider valueChanged
9) spinboxes valueChanged
10) Filename Selected: /Users/k3rnel1x/Programming/qt_op_labs_bmstu/laba4/test_files/students_exams (вариант 2).csv
11) renderButton clicked
12) starting normalize.. Params: Norm range: [0, 1] zRange: [0.000000, 131.000000]
13) normalizing succeed.
14) Render started!
15) Application stoped succeed
16) Start clearing..
17) ->Clear context..
18) Clearing filename..
19) Clearing points..
20) ->Clear context succeed
21) CleanUp SUCCEED
----------------- New log session started... --------------
1) Application started succeed
2) Loading file.. (loadDataButton clicked)
3) Clearing filename..
4) Clearing points..
5) LoadFile SUCCEED
6) stepSlider valueChanged
7) stepSlider valueChanged
8) stepSlider valueChanged
9) spinboxes valueChanged
10) Filename Selected: /Users/k3rnel1x/Programming/qt_op_labs_bmstu/laba4/test_files/students_exams (вариант 2).csv
11) renderButton clicked
12) starting normalize.. Params: Norm range: [0, 1] zRange: [0.000000, 131.000000]
13) normalizing succeed.
14) Render started!
15) Application stoped succeed
16) Start clearing..
17) ->Clear context..
18) Clearing filename..
19) Clearing points..
20) ->Clear context succeed
21) CleanUp SUCCEED
----------------- New log session started... --------------
1) Application started succeed
2) Loading file.. (loadDataButton clicked)
3) Clearing filename..
4) Clearing points..
5) LoadFile SUCCEED
6) stepSlider valueChanged
7) stepSlider valueChanged
8) stepSlider valueChanged
9) spinboxes valueChanged
10) Filename Selected: /Users/k3rnel1x/Programming/qt_op_labs_bmstu/laba4/test_files/students_exams (вариант 2).csv
11) renderButton clicked
12) starting normalize.. Params: Norm range: [0, 1] zRange: [0.000000, 131.000000]
13) normalizing succeed.
14) Render started!
15) Application stoped succeed
16) Start clearing..
17) ->Clear context..
18) Clearing filename..
19) Clearing points..
20) ->Clear context succeed
21) CleanUp SUCCEED
----------------- New log session started... --------------
1) Application started succeed
2) Loading file.. (loadDataButton clicked)
3) Clearing filename..
4) Clearing points..
5) LoadFile SUCCEED
6) stepSlider valueChanged
7) stepSlider valueChanged
8) stepSlider valueChanged
9) spinboxes valueChanged
10) Filename Selected: /Users/k3rnel1x/Programming/qt_op_labs_bmstu/laba4/test_files/students_exams (вариант 2).csv
11) renderButton clicked
12) starting normalize.. Params: Norm range: [0, 1] zRange: [0.000000, 131.000000]
13) normalizing succeed.
14) Render started!
15) stepSlider valueChanged
16) stepSlider valueChanged
17) stepSlider valueChanged
18) stepSlider valueChanged
19) stepSlider valueChanged
20) stepSlider valueChanged
21) stepSlider valueChanged
22) stepSlider valueChanged
23) stepSlider valueChanged
24) stepSlider valueChanged
25) stepSlider valueChanged
26) stepSlider valueChanged
27) stepSlider valueChanged
28) stepSlider valueChanged
29) stepSlider valueChanged
30) stepSlider valueChanged
31) renderButton clicked
32) starting normalize.. Params: Norm range: [0, 1] zRange: [0.000000, 131.000000]
33) normalizing succeed.
34) Render started!
35) stepSlider valueChanged
36) renderButton clicked
37) starting normalize.. Params: Norm range: [0, 1] zRange: [0.000000, 131.000000]
38) normalizing succeed.
39) Render started!
40) stepSlider valueChanged
41) renderButton clicked
42) starting normalize.. Params: Norm range: [0, 1] zRange: [0.000000, 131.000000]
43) normalizing succeed.
44) Render started!
45) stepSlider valueChanged
46) renderButton clicked
47) starting normalize.. Params: Norm range: [0, 1] zRange: [0.000000, 131.000000]
48) normalizing succeed.
49) Render started!
50) Application stoped succeed
51) Start clearing..
52) ->Clear context..
53) Clearing filename..
54) Clearing points..
55) ->Clear context succeed
56) CleanUp SUCCEED
----------------- New log session started... --------------
1) Application started succeed
2) Loading file.. (loadDataButton clicked)
3) Clearing filename..
4) Clearing points..
5) LoadFile SUCCEED
6) stepSlider valueChanged
7) stepSlider valueChanged
8) stepSlider valueChanged
9) spinboxes valueChanged
10) Filename Selected: /Users/k3rnel1x/Programming/qt_op_labs_bmstu/laba4/test_files/students_exams (вариант 2).csv
11) renderButton clicked
12) starting normalize.. Params: Norm range: [0, 1] zRange: [0.000000, 131.000000]
13) normalizing succeed.
14) Render started!
15) stepSlider valueChanged
16) stepSlider valueChanged
17) stepSlider valueChanged
18) stepSlider valueChanged
19) stepSlider valueChanged
20) stepSlider valueChanged
21) stepSlider valueChanged
22) stepSlider valueChanged
23) stepSlider valueChanged
24) stepSlider valueChanged
25) stepSlider valueChanged
26) stepSlider valueChanged
27) stepSlider valueChanged
28) stepSlider valueChanged
29) stepSlider valueChanged
30) stepSlider valueChanged
31) stepSlider valueChanged
32) renderButton clicked
33) starting normalize.. Params: Norm range: [0, 1] zRange: [0.000000, 131.000000]
34) normalizing succeed.
35) Render started!
36) stepSlider valueChanged
37) stepSlider valueChanged
38) stepSlider valueChanged
39) stepSlider valueChanged
40) stepSlider valueChanged
41) stepSlider valueChanged
42) stepSlider valueChanged
43) stepSlider valueChanged
44) stepSlider valueChanged
45) stepSlider valueChanged
46) stepSlider valueChanged
47) stepSlider valueChanged
48) stepSlider valueChanged
49) stepSlider valueChanged
50) stepSlider valueChanged
51) stepSlider valueChanged
52) stepSlider valueChanged
53) stepSlider valueChanged
54) stepSlider valueChanged
55) stepSlider valueChanged
56) renderButton clicked
57) starting normalize.. Params: Norm range: [0, 1] zRange: [0.000000, 131.000000]
58) normalizing succeed.
59) Render started!
60) stepSlider valueChanged
61) renderButton clicked
62) starting normalize.. Params: Norm range: [0, 1] zRange: [0.000000, 131.000000]
63) normalizing succeed.
64) Render started!
65) Application stoped succeed
66) Start clearing..
67) ->Clear context..
68) Clearing filename..
69) Clearing points..
70) ->Clear context succeed
71) CleanUp SUCCEED
----------------- New log session started... --------------
1) Application started succeed
2) Loading file.. (loadDataButton clicked)
3) Clearing filename..
4) Clearing points..
5) LoadFile SUCCEED
6) stepSlider valueChanged
7) stepSlider valueChanged
8) stepSlider valueChanged
9) spinboxes valueChanged
10) Filename Selected: /Users/k3rnel1x/Programming/qt_op_labs_bmstu/laba4/test_files/students_exams (вариант 2).csv
11) renderButton clicked
12) starting normalize.. Params: Norm range: [0, 1] zRange: [0.000000, 131.000000]
13) normalizing succeed.
14) Render started!
15) stepSlider valueChanged
16) stepSlider valueChanged
17) stepSlider valueChanged
18) stepSlider valueChanged
19) stepSlider valueChanged
20) stepSlider valueChanged
21) stepSlider valueChanged
22) renderButton clicked
23) starting normalize.. Params: Norm range: [0, 1] zRange: [0.000000, 131.000000]
24) normalizing succeed.
25) Render started!
26) stepSlider valueChanged
27) stepSlider valueChanged
28) stepSlider valueChanged
29) stepSlider valueChanged
30) stepSlider valueChanged
31) renderButton clicked
32) starting normalize.. Params: Norm range: [0, 1] zRange: [0.000000, 131.000000]
33) normalizing succeed.
34) Render started!
35) stepSlider valueChanged
36) stepSlider valueChanged
37) stepSlider valueChanged
38) stepSlider valueChanged
39) stepSlider valueChanged
40) stepSlider valueChanged
41) stepSlider valueChanged
42) stepSlider valueChanged
43) stepSlider valueChanged
44) stepSlider valueChanged
45) stepSlider valueChanged
46) stepSlider valueChanged
47) stepSlider valueChanged
48) stepSlider valueChanged
49) stepSlider valueChanged
50) stepSlider valueChanged
51) stepSlider valueChanged
52) stepSlider valueChanged
53) stepSlider valueChanged
54) stepSlider valueChanged
55) stepSlider valueChanged
56) stepSlider valueChanged
57) stepSlider valueChanged
58) stepSlider valueChanged
59) renderButton clicked
60) starting normalize.. Params: Norm range: [0, 1] zRange: [0.000000, 131.000000]
61) normalizing succeed.
62) Render started!
63) Application stoped succeed
64) Start clearing..
65) ->Clear context..
66) Clearing filename..
67) Clearing points..
68) ->Clear context succeed
69) CleanUp SUCCEED
----------------- New log session started... --------------
1) Application started succeed
2) Loading file.. (loadDataButton clicked)
3) Clearing filename..
4) Clearing points..
5) LoadFile SUCCEED
6) stepSlider valueChanged
7) stepSlider valueChanged
8) stepSlider valueChanged
9) spinboxes valueChanged
10) Filename Selected: /Users/k3rnel1x/Programming/qt_op_labs_bmstu/laba4/test_files/students_exams (вариант 2).csv
11) renderButton clicked
12) starting normalize.. Params: Norm range: [0, 1] zRange: [0.000000, 131.000000]
13) normalizing succeed.
14) Render started!
15) stepSlider valueChanged
16) stepSlider valueChanged
17) stepSlider valueChanged
18) stepSlider valueChanged
19) stepSlider valueChanged
20) stepSlider valueChanged
21) stepSlider valueChanged
22) stepSlider valueChanged
23) stepSlider valueChanged
24) stepSlider valueChanged
25) stepSlider valueChanged
26) renderButton clicked
27) starting normalize.. Params: Norm range: [0, 1] zRange: [0.000000, 131.000000]
28) normalizing succeed.
29) Render started!
30) stepSlider valueChanged
31) stepSlider valueChanged
32) stepSlider valueChanged
33) renderButton clicked
34) starting normalize.. Params: Norm range: [0, 1] zRange: [0.000000, 131.000000]
35) normalizing succeed.
36) Render started!
37) stepSlider valueChanged
38) stepSlider valueChanged
39) stepSlider valueChanged
40) stepSlider valueChanged
41) stepSlider valueChanged
42) stepSlider valueChanged
43) stepSlider valueChanged
44) stepSlider valueChanged
45) stepSlider valueChanged
46) renderButton clicked
47) starting normalize.. Params: Norm range: [0, 1] zRange: [0.000000, 131.000000]
48) normalizing succeed.
49) Render started!
50) Application stoped succeed
51) Start clearing..
52) ->Clear context..
53) Clearing filename..
54) Clearing points..
55) ->Clear context succeed
56) CleanUp SUCCEED
----------------- New log session started... --------------
1) Application started succeed
2) Loading file.. (loadDataButton clicked)
3) Clearing filename..
4) Clearing points..
5) LoadFile SUCCEED
6) stepSlider valueChanged
7) stepSlider valueChanged
8) stepSlider valueChanged
9) spinboxes valueChanged
10) Filename Selected: /Users/k3rnel1x/Programming/qt_op_labs_bmstu/laba4/test_files/students_exams (вариант 2).csv
11) renderButton clicked
12) starting normalize.. Params: Norm range: [0, 1] zRange: [0.000000, 131.000000]
13) normalizing succeed.
14) Render started!
15) stepSlider valueChanged
16) stepSlider valueChanged
17) stepSlider valueChanged
18) stepSlider valueChanged
19) stepSlider valueChanged
20) stepSlider valueChanged
21) stepSlider valueChanged
22) stepSlider valueChanged
23) stepSlider valueChanged
24) stepSlider valueChanged
25) stepSlider valueChanged
26) stepSlider valueChanged
27) stepSlider valueChanged
28) stepSlider valueChanged
29) stepSlider valueChanged
30) stepSlider valueChanged
31) renderButton clicked
32) starting normalize.. Params: Norm range: [0, 1] zRange: [0.000000, 131.000000]
33) normalizing succeed.
34) Render started!
35) Application stoped succeed
36) Start clearing..
37) ->Clear context..
38) Clearing filename..
39) Clearing points..
40) ->Clear context succeed
41) CleanUp SUCCEED
----------------- New log session started... --------------
1) Application started succeed
2) Loading file.. (loadDataButton clicked)
3) Clearing filename..
4) Clearing points..
5) LoadFile SUCCEED
6) stepSlider valueChanged
7) stepSlider valueChanged
8) stepSlider valueChanged
9) spinboxes valueChanged
10) Filename Selected: /Users/k3rnel1x/Programming/qt_op_labs_bmstu/laba4/test_files/students_exams (вариант 2).csv
11) renderButton clicked
12) starting normalize.. Params: Norm range: [0, 1] zRange: [0.000000, 131.000000]
13) normalizing succeed.
14) Render started!
15) stepSlider valueChanged
16) stepSlider valueChanged
17) stepSlider valueChanged
18) stepSlider valueChanged
19) stepSlider valueChanged
20) renderButton clicked
21) starting normalize.. Params: Norm range: [0, 1] zRange: [0.000000, 131.000000]
22) normalizing succeed.
23) Render started!
24) stepSlider valueChanged
25) stepSlider valueChanged
26) stepSlider valueChanged
27) stepSlider valueChanged
28) stepSlider valueChanged
29) stepSlider valueChanged
30) stepSlider valueChanged
31) stepSlider valueChanged
32) stepSlider valueChanged
33) renderButton clicked
34) starting normalize.. Params: Norm range: [0, 1] zRange: [0.000000, 131.000000]
35) normalizing succeed.
36) Render started!
37) stepSlider valueChanged
38) renderButton clicked
39) starting normalize.. Params: Norm range: [0, 1] zRange: [0.000000, 131.000000]
40) normalizing succeed.
41) Render started!
42) renderButton clicked
43) starting normalize.. Params: Norm range: [0, 1] zRange: [0.000000, 131.000000]
44) normalizing succeed.
45) Render started!
46) renderButton clicked
47) starting normalize.. Params: Norm range: [0, 1] zRange: [0.000000, 131.000000]
48) normalizing succeed.
49) Render started!
50) stepSlider valueChanged
51) renderButton clicked
52) starting normalize.. Params: Norm range: [0, 1] zRange: [0.000000, 131.000000]
53) normalizing succeed.
54) Render started!
55) stepSlider valueChanged
56) stepSlider valueChanged
57) stepSlider valueChanged
58) stepSlider valueChanged
59) stepSlider valueChanged
60) stepSlider valueChanged
61) stepSlider valueChanged
62) stepSlider valueChanged
63) stepSlider valueChanged
64) stepSlider valueChanged
65) stepSlider valueChanged
66) stepSlider valueChanged
67) stepSlider valueChanged
68) stepSlider valueChanged
69) stepSlider valueChanged
70) stepSlider valueChanged
71) stepSlider valueChanged
72) stepSlider valueChanged
73) stepSlider valueChanged
74) renderButton clicked
75) starting normalize.. Params: Norm range: [0, 1] zRange: [0.000000, 131.000000]
76) normalizing succeed.
77) Render started!
78) Application stoped succeed
79) Start clearing..
80) ->Clear context..
81) Clearing filename..
82) Clearing points..
83) ->Clear context succeed
84) CleanUp SUCCEED
----------------- New log session started... --------------
1) Application started succeed
2) Loading file.. (loadDataButton clicked)
3) No file selected
4) Application stoped succeed
5) Start clearing..
6) ->Clear context..
7) Clearing filename..
8) Clearing points..
9) ->Clear context succeed
10) CleanUp SUCCEED
----------------- New log session started... --------------
1) Application started succeed
2) Loading file.. (loadDataButton clicked)
3) Clearing filename..
4) Clearing points..
5) LoadFile SUCCEED
6) stepSlider valueChanged
7) stepSlider valueChanged
8) stepSlider valueChanged
9) spinboxes valueChanged
10) Filename Selected: /Users/k3rnel1x/Programming/qt_op_labs_bmstu/laba4/test_files/students_exams (вариант 2).csv
11) stepSlider valueChanged
12) stepSlider valueChanged
13) stepSlider valueChanged
14) stepSlider valueChanged
15) stepSlider valueChanged
16) stepSlider valueChanged
17) stepSlider valueChanged
18) stepSlider valueChanged
19) stepSlider valueChanged
20) stepSlider valueChanged
21) renderButton clicked
22) starting normalize.. Params: Norm range: [0, 1] zRange: [0.000000, 131.000000]
23) normalizing succeed.
24) Render started!
25) stepSlider valueChanged
26) renderButton clicked
27) starting normalize.. Params: Norm range: [0, 1] zRange: [0.000000, 131.000000]
28) normalizing succeed.
29) Render started!
30) stepSlider valueChanged
31) renderButton clicked
32) starting normalize.. Params: Norm range: [0, 1] zRange: [0.000000, 131.000000]
33) normalizing succeed.
34) Render started!
35) Application stoped succeed
36) Start clearing..
37) ->Clear context..
38) Clearing filename..
39) Clearing points..
40) ->Clear context succeed
41) CleanUp SUCCEED
----------------- New log session started... --------------
1) Application started succeed
2) Loading file.. (loadDataButton clicked)
3) Clearing filename..
4) Clearing points..
5) LoadFile SUCCEED
6) stepSlider valueChanged
7) stepSlider valueChanged
8) stepSlider valueChanged
9) spinboxes valueChanged
10) Filename Selected: /Users/k3rnel1x/Programming/qt_op_labs_bmstu/laba4/test_files/students_exams (вариант 2).csv
11) renderButton clicked
12) starting normalize.. Params: Norm range: [0, 1] zRange: [0.000000, 131.000000]
13) normalizing succeed.
14) Render started!
15) stepSlider valueChanged
16) stepSlider valueChanged
17) stepSlider valueChanged
18) stepSlider valueChanged
19) stepSlider valueChanged
20) stepSlider valueChanged
21) stepSlider valueChanged
22) stepSlider valueChanged
23) stepSlider valueChanged
24) stepSlider valueChanged
25) stepSlider valueChanged
26) stepSlider valueChanged
27) stepSlider valueChanged
28) stepSlider valueChanged
29) renderButton clicked
30) starting normalize.. Params: Norm range: [0, 1] zRange: [0.000000, 131.000000]
31) normalizing succeed.
32) Render started!
33) Application stoped succeed
34) Start clearing..
35) ->Clear context..
36) Clearing filename..
37) Clearing points..
38) ->Clear context succeed
39) CleanUp SUCCEED
----------------- New log session started... --------------
1) Application started succeed
2) Loading file.. (loadDataButton clicked)
3) Clearing filename..
4) Clearing points..
5) LoadFile SUCCEED
6) stepSlider valueChanged
7) stepSlider valueChanged
8) stepSlider valueChanged
9) spinboxes valueChanged
10) Filename Selected: /Users/k3rnel1x/Programming/qt_op_labs_bmstu/laba4/test_files/students_exams (вариант 2).csv
11) renderButton clicked
12) starting normalize.. Params: Norm range: [0, 1] zRange: [0.000000, 131.000000]
13) normalizing succeed.
14) Render started!
15) stepSlider valueChanged
16) stepSlider valueChanged
17) stepSlider valueChanged
18) stepSlider valueChanged
19) stepSlider valueChanged
20) stepSlider valueChanged
21) stepSlider valueChanged
22) stepSlider valueChanged
23) stepSlider valueChanged
24) stepSlider valueChanged
25) stepSlider valueChanged
26) stepSlider valueChanged
27) stepSlider valueChanged
28) stepSlider valueChanged
29) stepSlider valueChanged
30) stepSlider valueChanged
31) renderButton clicked
32) starting normalize.. Params: Norm range: [0, 1] zRange: [0.000000, 131.000000]
33) normalizing succeed.
34) Render started!
35) stepSlider valueChanged
36) stepSlider valueChanged
37) stepSlider valueChanged
38) stepSlider valueChanged
39) stepSlider valueChanged
40) stepSlider valueChanged
41) stepSlider valueChanged
42) stepSlider valueChanged
43) stepSlider valueChanged
44) stepSlider valueChanged
45) stepSlider valueChanged
46) stepSlider valueChanged
47) stepSlider valueChanged
48) stepSlider valueChanged
49) stepSlider valueChanged
50) stepSlider valueChanged
51) stepSlider valueChanged
52) stepSlider valueChanged
53) stepSlider valueChanged
54) stepSlider valueChanged
55) stepSlider valueChanged
56) stepSlider valueChanged
57) stepSlider valueChanged
58) stepSlider valueChanged
59) renderButton clicked
60) starting normalize.. Params: Norm range: [0, 1] zRange: [0.000000, 131.000000]
61) normalizing succeed.
62) Render started!
63) Application stoped succeed
64) Start clearing..
65) ->Clear context..
66) Clearing filename..
67) Clearing points..
68) ->Clear context succeed
69) CleanUp SUCCEED
----------------- New log session started... --------------
1) Application started succeed
2) Loading file.. (loadDataButton clicked)
3) Clearing filename..
4) Clearing points..
5) LoadFile SUCCEED
6) stepSlider valueChanged
7) stepSlider valueChanged
8) stepSlider valueChanged
9) spinboxes valueChanged
10) Filename Selected: /Users/k3rnel1x/Programming/qt_op_labs_bmstu/laba4/test_files/students_exams (вариант 2).csv
11) renderButton clicked
12) starting normalize.. Params: Norm range: [0, 1] zRange: [0.000000, 131.000000]
13) normalizing succeed.
14) Render started!
15) stepSlider valueChanged
16) stepSlider valueChanged
17) stepSlider valueChanged
18) stepSlider valueChanged
19) stepSlider valueChanged
20) stepSlider valueChanged
21) renderButton clicked
22) starting normalize.. Params: Norm range: [0, 1] zRange: [0.000000, 131.000000]
23) normalizing succeed.
24) Render started!
25) Application stoped succeed
26) Start clearing..
27) ->Clear context..
28) Clearing filename..
29) Clearing points..
30) ->Clear context succeed
31) CleanUp SUCCEED
----------------- New log session started... --------------
1) Application started succeed
2) Loading file.. (loadDataButton clicked)
3) Clearing filename..
4) Clearing points..
5) LoadFile SUCCEED
6) stepSlider valueChanged
7) stepSlider valueChanged
8) stepSlider valueChanged
9) spinboxes valueChanged
10) Filename Selected: /Users/k3rnel1x/Programming/qt_op_labs_bmstu/laba4/test_files/students_exams (вариант 2).csv
11) renderButton clicked
12) starting normalize.. Params: Norm range: [0, 1] zRange: [0.000000, 131.000000]
13) normalizing succeed.
14) Render started!
15) stepSlider valueChanged
16) stepSlider valueChanged
17) stepSlider valueChanged
18) stepSlider valueChanged
19) stepSlider valueChanged
20) stepSlider valueChanged
21) stepSlider valueChanged
22) stepSlider valueChanged
23) stepSlider valueChanged
24) stepSlider valueChanged
25) stepSlider valueChanged
26) stepSlider valueChanged
27) stepSlider valueChanged
28) renderButton clicked
29) starting normalize.. Params: Norm range: [0, 1] zRange: [0.000000, 131.000000]
30) normalizing succeed.
31) Render started!
32) stepSlider valueChanged
33) stepSlider valueChanged
34) stepSlider valueChanged
35) stepSlider valueChanged
36) stepSlider valueChanged
37) stepSlider valueChanged
38) stepSlider valueChanged
39) stepSlider valueChanged
40) stepSlider valueChanged
41) stepSlider valueChanged
42) stepSlider valueChanged
43) stepSlider valueChanged
44) stepSlider valueChanged
45) stepSlider valueChanged
46) stepSlider valueChanged
47) stepSlider valueChanged
48) stepSlider valueChanged
49) stepSlider valueChanged
50) stepSlider valueChanged
51) renderButton clicked
52) starting normalize.. Params: Norm range: [0, 1] zRange: [0.000000, 131.000000]
53) normalizing succeed.
54) Render started!
55) spinboxes valueChanged
56) spinboxes valueChanged
57) spinboxes valueChanged
58) renderButton clicked
59) starting normalize.. Params: Norm range: [1, 99] zRange: [0.000000, 131.000000]
60) normalizing succeed.
61) Render started!
62) stepSlider valueChanged
63) stepSlider valueChanged
64) stepSlider valueChanged
65) stepSlider valueChanged
66) stepSlider valueChanged
67) stepSlider valueChanged
68) stepSlider valueChanged
69) stepSlider valueChanged
70) stepSlider valueChanged
71) stepSlider valueChanged
72) stepSlider valueChanged
73) stepSlider valueChanged
74) stepSlider valueChanged
75) stepSlider valueChanged
76) stepSlider valueChanged
77) stepSlider valueChanged
78) stepSlider valueChanged
79) stepSlider valueChanged
80) stepSlider valueChanged
81) renderButton clicked
82) starting normalize.. Params: Norm range: [1, 99] zRange: [0.000000, 131.000000]
83) normalizing succeed.
84) Render started!
85) Application stoped succeed
86) Start clearing..
87) ->Clear context..
88) Clearing filename..
89) Clearing points..
90) ->Clear context succeed
91) CleanUp SUCCEED
----------------- New log session started... --------------
1) Application started succeed
2) Loading file.. (loadDataButton clicked)
3) Clearing filename..
4) Clearing points..
5) LoadFile SUCCEED
6) stepSlider valueChanged
7) stepSlider valueChanged
8) stepSlider valueChanged
9) spinboxes valueChanged
10) Filename Selected: /Users/k3rnel1x/Programming/qt_op_labs_bmstu/laba4/test_files/students_exams (вариант 2).csv
11) renderButton clicked
12) starting normalize.. Params: Norm range: [0, 1] zRange: [0.000000, 131.000000]
13) normalizing succeed.
14) Render started!
15) stepSlider valueChanged
16) stepSlider valueChanged
17) stepSlider valueChanged
18) stepSlider valueChanged
19) stepSlider valueChanged
20) stepSlider valueChanged
21) stepSlider valueChanged
22) renderButton clicked
23) starting normalize.. Params: Norm range: [0, 1] zRange: [0.000000, 131.000000]
24) normalizing succeed.
25) Render started!
26) Application stoped succeed
27) Start clearing..
28) ->Clear context..
29) Clearing filename..
30) Clearing points..
31) ->Clear context succeed
32) CleanUp SUCCEED
----------------- New log session started... --------------
1) Application started succeed
2) Loading file.. (loadDataButton clicked)
3) Clearing filename..
4) Clearing points..
5) LoadFile SUCCEED
6) stepSlider valueChanged
7) stepSlider valueChanged
8) stepSlider valueChanged
9) spinboxes valueChanged
10) Filename Selected: /Users/k3rnel1x/Programming/qt_op_labs_bmstu/laba4/test_files/students_exams (вариант 2).csv
11) renderButton clicked
12) starting normalize.. Params: Norm range: [0, 1] zRange: [0.000000, 131.000000]
13) normalizing succeed.
14) Render started!
15) stepSlider valueChanged
16) stepSlider valueChanged
17) stepSlider valueChanged
18) stepSlider valueChanged
19) stepSlider valueChanged
20) stepSlider valueChanged
21) stepSlider valueChanged
22) stepSlider valueChanged
23) stepSlider valueChanged
24) stepSlider valueChanged
25) stepSlider valueChanged
26) stepSlider valueChanged
27) stepSlider valueChanged
28) stepSlider valueChanged
29) renderButton clicked
30) starting normalize.. Params: Norm range: [0, 1] zRange: [0.000000, 131.000000]
31) normalizing succeed.
32) Render started!
33) stepSlider valueChanged
34) stepSlider valueChanged
35) stepSlider valueChanged
36) stepSlider valueChanged
37) stepSlider valueChanged
38) stepSlider valueChanged
39) stepSlider valueChanged
40) stepSlider valueChanged
41) renderButton clicked
42) starting normalize.. Params: Norm range: [0, 1] zRange: [0.000000, 131.000000]
43) normalizing succeed.
44) Render started!
45) stepSlider valueChanged
46) renderButton clicked
47) starting normalize.. Params: Norm range: [0, 1] zRange: [0.000000, 131.000000]
48) normalizing succeed.
49) Render started!
50) stepSlider valueChanged
51) stepSlider valueChanged
52) stepSlider valueChanged
53) stepSlider valueChanged
54) stepSlider valueChanged
55) stepSlider valueChanged
56) stepSlider valueChanged
57) stepSlider valueChanged
58) stepSlider valueChanged
59) stepSlider valueChanged
60) stepSlider valueChanged
61) stepSlider valueChanged
62) stepSlider valueChanged
63) stepSlider valueChanged
64) stepSlider valueChanged
65) stepSlider valueChanged
66) stepSlider valueChanged
67) stepSlider valueChanged
68) stepSlider valueChanged
69) stepSlider valueChanged
70) stepSlider valueChanged
71) stepSlider valueChanged
72) stepSlider valueChanged
73) stepSlider valueChanged
74) stepSlider valueChanged
75) stepSlider valueChanged
76) renderButton clicked
77) starting normalize.. Params: Norm range: [0, 1] zRange: [0.000000, 131.000000]
78) normalizing succeed.
79) Render started!
80) stepSlider valueChanged
81) stepSlider valueChanged
82) renderButton clicked
83) starting normalize.. Params: Norm range: [0, 1] zRange: [0.000000, 131.000000]
84) normalizing succeed.
85) Render started!
86) stepSlider valueChanged
87) renderButton clicked
88) starting normalize.. Params: Norm range: [0, 1] zRange: [0.000000, 131.000000]
89) normalizing succeed.
90) Render started!
91) stepSlider valueChanged
92) stepSlider valueChanged
93) stepSlider valueChanged
94) stepSlider valueChanged
95) renderButton clicked
96) starting normalize.. Params: Norm range: [0, 1] zRange: [0.000000, 131.000000]
97) normalizing succeed.
98) Render started!
99) renderButton clicked
100) starting normalize.. Params: Norm range: [0, 1] zRange: [0.000000, 131.000000]
101) normalizing succeed.
102) Render started!
103) stepSlider valueChanged
104) renderButton clicked
105) starting normalize.. Params: Norm range: [0, 1] zRange: [0.000000, 131.000000]
106) normalizing succeed.
107) Render started!
108) spinboxes valueChanged
109) spinboxes valueChanged
110) spinboxes valueChanged
111) renderButton clicked
112) starting normalize.. Params: Norm range: [1, 99] zRange: [0.000000, 131.000000]
113) normalizing succeed.
114) Render started!
115) stepSlider valueChanged
116) stepSlider valueChanged
117) stepSlider valueChanged
118) stepSlider valueChanged
119) renderButton clicked
120) starting normalize.. Params: Norm range: [1, 99] zRange: [0.000000, 131.000000]
121) normalizing succeed.
122) Render started!
123) spinboxes valueChanged
124) spinboxes valueChanged
125) renderButton clicked
126) starting normalize.. Params: Norm range: [80, 99] zRange: [0.000000, 131.000000]
127) normalizing succeed.
128) Render started!
129) stepSlider valueChanged
130) stepSlider valueChanged
131) stepSlider valueChanged
132) stepSlider valueChanged
133) renderButton clicked
134) starting normalize.. Params: Norm range: [80, 99] zRange: [0.000000, 131.000000]
135) normalizing succeed.
136) Render started!
137) stepSlider valueChanged
138) Application stoped succeed
139) Start clearing..
140) ->Clear context..
141) Clearing filename..
142) Clearing points..
143) ->Clear context succeed
144) CleanUp SUCCEED
----------------- New log session started... --------------
1) Application started succeed
2) Loading file.. (loadDataButton clicked)
3) Clearing filename..
4) Clearing points..
5) LoadFile SUCCEED
6) stepSlider valueChanged
7) stepSlider valueChanged
8) stepSlider valueChanged
9) spinboxes valueChanged
10) Filename Selected: /Users/k3rnel1x/Programming/qt_op_labs_bmstu/laba4/test_files/students_exams (вариант 2).csv
11) renderButton clicked
12) starting normalize.. Params: Norm range: [0, 1] zRange: [0.000000, 131.000000]
13) normalizing succeed.
14) Render started!
15) stepSlider valueChanged
16) stepSlider valueChanged
17) stepSlider valueChanged
18) stepSlider valueChanged
19) stepSlider valueChanged
20) stepSlider valueChanged
21) renderButton clicked
22) starting normalize.. Params: Norm range: [0, 1] zRange: [0.000000, 131.000000]
23) normalizing succeed.
24) Render started!
25) renderButton clicked
26) starting normalize.. Params: Norm range: [0, 1] zRange: [0.000000, 131.000000]
27) normalizing succeed.
28) Render started!
29) stepSlider valueChanged
30) stepSlider valueChanged
31) stepSlider valueChanged
32) stepSlider valueChanged
33) stepSlider valueChanged
34) stepSlider valueChanged
35) stepSlider valueChanged
36) stepSlider valueChanged
37) stepSlider valueChanged
38) stepSlider valueChanged
39) stepSlider valueChanged
40) stepSlider valueChanged
41) stepSlider valueChanged
42) stepSlider valueChanged
43) stepSlider valueChanged
44) stepSlider valueChanged
45) stepSlider valueChanged
46) stepSlider valueChanged
47) stepSlider valueChanged
48) renderButton clicked
49) starting normalize.. Params: Norm range: [0, 1] zRange: [0.000000, 131.000000]
50) normalizing succeed.
51) Render started!
52) stepSlider valueChanged
53) stepSlider valueChanged
54) stepSlider valueChanged
55) renderButton clicked
56) starting normalize.. Params: Norm range: [0, 1] zRange: [0.000000, 131.000000]
57) normalizing succeed.
58) Render started!
59) Application stoped succeed
60) Start clearing..
61) ->Clear context..
62) Clearing filename..
63) Clearing points..
64) ->Clear context succeed
65) CleanUp SUCCEED
----------------- New log session started... --------------
1) Application started succeed
2) Loading file.. (loadDataButton clicked)
3) Clearing filename..
4) Clearing points..
5) LoadFile SUCCEED
6) stepSlider valueChanged
7) stepSlider valueChanged
8) stepSlider valueChanged
9) spinboxes valueChanged
10) Filename Selected: /Users/k3rnel1x/Programming/qt_op_labs_bmstu/laba4/test_files/students_exams (вариант 2).csv
11) renderButton clicked
12) starting normalize.. Params: Norm range: [0, 1] zRange: [0.000000, 131.000000]
13) normalizing succeed.
14) Render started!
15) stepSlider valueChanged
16) stepSlider valueChanged
17) stepSlider valueChanged
18) stepSlider valueChanged
19) stepSlider valueChanged
20) stepSlider valueChanged
21) stepSlider valueChanged
22) stepSlider valueChanged
23) stepSlider valueChanged
24) stepSlider valueChanged
25) stepSlider valueChanged
26) renderButton clicked
27) starting normalize.. Params: Norm range: [0, 1] zRange: [0.000000, 131.000000]
28) normalizing succeed.
29) Render started!
30) stepSlider valueChanged
31) stepSlider valueChanged
32) stepSlider valueChanged
33) stepSlider valueChanged
34) stepSlider valueChanged
35) stepSlider valueChanged
36) stepSlider valueChanged
37) stepSlider valueChanged
38) stepSlider valueChanged
39) stepSlider valueChanged
40) stepSlider valueChanged
41) stepSlider valueChanged
42) stepSlider valueChanged
43) stepSlider valueChanged
44) stepSlider valueChanged
45) stepSlider valueChanged
46) stepSlider valueChanged
47) stepSlider valueChanged
48) stepSlider valueChanged
49) stepSlider valueChanged
50) stepSlider valueChanged
51) stepSlider valueChanged
52) renderButton clicked
53) starting normalize.. Params: Norm range: [0, 1] zRange: [0.000000, 131.000000]
54) normalizing succeed.
55) Render started!
56) stepSlider valueChanged
57) stepSlider valueChanged
58) stepSlider valueChanged
59) stepSlider valueChanged
60) stepSlider valueChanged
61) stepSlider valueChanged
62) stepSlider valueChanged
63) stepSlider valueChanged
64) stepSlider valueChanged
65) renderButton clicked
66) starting normalize.. Params: Norm range: [0, 1] zRange: [0.000000, 131.000000]
67) normalizing succeed.
68) Render started!
69) Application stoped succeed
70) Start clearing..
71) ->Clear context..
72) Clearing filename..
73) Clearing points..
74) ->Clear context succeed
75) CleanUp SUCCEED
----------------- New log session started... --------------
1) Application started succeed
2) Loading file.. (loadDataButton clicked)
3) Clearing filename..
4) Clearing points..
5) LoadFile SUCCEED
6) stepSlider valueChanged
7) stepSlider valueChanged
8) stepSlider valueChanged
9) spinboxes valueChanged
10) Filename Selected: /Users/k3rnel1x/Programming/qt_op_labs_bmstu/laba4/test_files/students_exams (вариант 2).csv
11) renderButton clicked
12) starting normalize.. Params: Norm range: [0, 1] zRange: [0.000000, 131.000000]
13) normalizing succeed.
14) Render started!
15) stepSlider valueChanged
16) stepSlider valueChanged
17) stepSlider valueChanged
18) stepSlider valueChanged
19) stepSlider valueChanged
20) stepSlider valueChanged
21) stepSlider valueChanged
22) stepSlider valueChanged
23) stepSlider valueChanged
24) stepSlider valueChanged
25) stepSlider valueChanged
26) stepSlider valueChanged
27) renderButton clicked
28) starting normalize.. Params: Norm range: [0, 1] zRange: [0.000000, 131.000000]
29) normalizing succeed.
30) Render started!
31) Application stoped succeed
32) Start clearing..
33) ->Clear context..
34) Clearing filename..
35) Clearing points..
36) ->Clear context succeed
37) CleanUp SUCCEED
----------------- New log session started... --------------
1) Application started succeed
2) Loading file.. (loadDataButton clicked)
3) Clearing filename..
4) Clearing points..
5) LoadFile SUCCEED
6) stepSlider valueChanged
7) stepSlider valueChanged
8) stepSlider valueChanged
9) spinboxes valueChanged
10) Filename Selected: /Users/k3rnel1x/Programming/qt_op_labs_bmstu/laba4/test_files/students_exams (вариант 2).csv
11) Loading file.. (loadDataButton clicked)
12) No file selected
13) renderButton clicked
14) starting normalize.. Params: Norm range: [0, 1] zRange: [0.000000, 131.000000]
15) normalizing succeed.
16) Render started!
17) stepSlider valueChanged
18) renderButton clicked
19) starting normalize.. Params: Norm range: [0, 1] zRange: [0.000000, 131.000000]
20) normalizing succeed.
21) Render started!
22) stepSlider valueChanged
23) renderButton clicked
24) starting normalize.. Params: Norm range: [0, 1] zRange: [0.000000, 131.000000]
25) normalizing succeed.
26) Render started!
27) stepSlider valueChanged
28) stepSlider valueChanged
29) stepSlider valueChanged
30) renderButton clicked
31) starting normalize.. Params: Norm range: [0, 1] zRange: [0.000000, 131.000000]
32) normalizing succeed.
33) Render started!
34) stepSlider valueChanged
35) renderButton clicked
36) starting normalize.. Params: Norm range: [0, 1] zRange: [0.000000, 131.000000]
37) normalizing succeed.
38) Render started!
39) stepSlider valueChanged
40) renderButton clicked
41) starting normalize.. Params: Norm range: [0, 1] zRange: [0.000000, 131.000000]
42) normalizing succeed.
43) Render started!
44) stepSlider valueChanged
45) renderButton clicked
46) starting normalize.. Params: Norm range: [0, 1] zRange: [0.000000, 131.000000]
47) normalizing succeed.
48) Render started!
49) Application stoped succeed
50) Start clearing..
51) ->Clear context..
52) Clearing filename..
53) Clearing points..
54) ->Clear context succeed
55) CleanUp SUCCEED
----------------- New log session started... --------------
1) Application started succeed
2) Loading file.. (loadDataButton clicked)
3) Clearing filename..
4) Clearing points..
5) LoadFile SUCCEED
6) stepSlider valueChanged
7) stepSlider valueChanged
8) stepSlider valueChanged
9) spinboxes valueChanged
10) Filename Selected: /Users/k3rnel1x/Programming/qt_op_labs_bmstu/laba4/test_files/students_exams (вариант 2).csv
11) renderButton clicked
12) starting normalize.. Params: Norm range: [0, 1] zRange: [0.000000, 131.000000]
13) normalizing succeed.
14) Render started!
15) stepSlider valueChanged
16) renderButton clicked
17) starting normalize.. Params: Norm range: [0, 1] zRange: [0.000000, 131.000000]
18) normalizing succeed.
19) Render started!
20) stepSlider valueChanged
21) stepSlider valueChanged
22) stepSlider valueChanged
23) renderButton clicked
24) starting normalize.. Params: Norm range: [0, 1] zRange: [0.000000, 131.000000]
25) normalizing succeed.
26) Render started!
27) stepSlider valueChanged
28) stepSlider valueChanged
29) stepSlider valueChanged
30) stepSlider valueChanged
31) stepSlider valueChanged
32) stepSlider valueChanged
33) stepSlider valueChanged
34) stepSlider valueChanged
35) stepSlider valueChanged
36) stepSlider valueChanged
37) stepSlider valueChanged
38) stepSlider valueChanged
39) stepSlider valueChanged
40) stepSlider valueChanged
41) stepSlider valueChanged
42) stepSlider valueChanged
43) stepSlider valueChanged
44) stepSlider valueChanged
45) stepSlider valueChanged
46) stepSlider valueChanged
47) renderButton clicked
48) starting normalize.. Params: Norm range: [0, 1] zRange: [0.000000, 131.000000]
49) normalizing succeed.
50) Render started!
51) stepSlider valueChanged
52) renderButton clicked
53) starting normalize.. Params: Norm range: [0, 1] zRange: [0.000000, 131.000000]
54) normalizing succeed.
55) Render started!
56) stepSlider valueChanged
57) renderButton clicked
58) starting normalize.. Params: Norm range: [0, 1] zRange: [0.000000, 131.000000]
59) normalizing succeed.
60) Render started!
61) Application stoped succeed
62) Start clearing..
63) ->Clear context..
64) Clearing filename..
65) Clearing points..
66) ->Clear context succeed
67) CleanUp SUCCEED
----------------- New log session started... --------------
1) Application started succeed
2) Loading file.. (loadDataButton clicked)
3) Clearing filename..
4) Clearing points..
5) LoadFile SUCCEED
6) stepSlider valueChanged
7) stepSlider valueChanged
8) stepSlider valueChanged
9) spinboxes valueChanged
10) Filename Selected: /Users/k3rnel1x/Programming/qt_op_labs_bmstu/laba4/test_files/students_exams (вариант 2).csv
11) renderButton clicked
12) starting normalize.. Params: Norm range: [0, 1] zRange: [0.000000, 131.000000]
13) normalizing succeed.
14) Render started!
15) stepSlider valueChanged
16) stepSlider valueChanged
17) stepSlider valueChanged
18) stepSlider valueChanged
19) stepSlider valueChanged
20) stepSlider valueChanged
21) stepSlider valueChanged
22) stepSlider valueChanged
23) stepSlider valueChanged
24) stepSlider valueChanged
25) stepSlider valueChanged
26) stepSlider valueChanged
27) renderButton clicked
28) starting normalize.. Params: Norm range: [0, 1] zRange: [0.000000, 131.000000]
29) normalizing succeed.
30) Render started!
31) Application stoped succeed
32) Start clearing..
33) ->Clear context..
34) Clearing filename..
35) Clearing points..
36) ->Clear context succeed
37) CleanUp SUCCEED
----------------- New log session started... --------------
1) Application started succeed
2) Loading file.. (loadDataButton clicked)
3) Clearing filename..
4) Clearing points..
5) LoadFile SUCCEED
6) stepSlider valueChanged
7) stepSlider valueChanged
8) stepSlider valueChanged
9) spinboxes valueChanged
10) Filename Selected: /Users/k3rnel1x/Programming/qt_op_labs_bmstu/laba4/test_files/students_exams (вариант 2).csv
11) renderButton clicked
12) starting normalize.. Params: Norm range: [0, 1] zRange: [0.000000, 131.000000]
13) normalizing succeed.
14) Render started!
15) stepSlider valueChanged
16) stepSlider valueChanged
17) stepSlider valueChanged
18) stepSlider valueChanged
19) stepSlider valueChanged
20) stepSlider valueChanged
21) stepSlider valueChanged
22) stepSlider valueChanged
23) stepSlider valueChanged
24) stepSlider valueChanged
25) stepSlider valueChanged
26) stepSlider valueChanged
27) stepSlider valueChanged
28) stepSlider valueChanged
29) stepSlider valueChanged
30) renderButton clicked
31) starting normalize.. Params: Norm range: [0, 1] zRange: [0.000000, 131.000000]
32) normalizing succeed.
33) Render started!
34) stepSlider valueChanged
35) renderButton clicked
36) starting normalize.. Params: Norm range: [0, 1] zRange: [0.000000, 131.000000]
37) normalizing succeed.
38) Render started!
39) stepSlider valueChanged
40) renderButton clicked
41) starting normalize.. Params: Norm range: [0, 1] zRange: [0.000000, 131.000000]
42) normalizing succeed.
43) Render started!
44) stepSlider valueChanged
45) stepSlider valueChanged
46) renderButton clicked
47) starting normalize.. Params: Norm range: [0, 1] zRange: [0.000000, 131.000000]
48) normalizing succeed.
49) Render started!
----------------- New log session started... --------------
1) Application started succeed
2) Loading file.. (loadDataButton clicked)
3) Clearing filename..
4) Clearing points..
5) LoadFile SUCCEED
6) stepSlider valueChanged
7) stepSlider valueChanged
8) stepSlider valueChanged
9) spinboxes valueChanged
10) Filename Selected: /Users/k3rnel1x/Programming/qt_op_labs_bmstu/laba4/test_files/students_exams (вариант 2).csv
11) renderButton clicked
12) starting normalize.. Params: Norm range: [0, 1] zRange: [0.000000, 131.000000]
13) normalizing succeed.
14) Render started!
15) Application stoped succeed
16) Start clearing..
17) ->Clear context..
18) Clearing filename..
19) Clearing points..
20) ->Clear context succeed
21) CleanUp SUCCEED
----------------- New log session started... --------------
1) Application started succeed
2) Loading file.. (loadDataButton clicked)
3) LoadFile Failed
4) Application stoped succeed
5) Start clearing..
6) ->Clear context..
7) Clearing filename..
8) Clearing points..
9) ->Clear context succeed
10) CleanUp SUCCEED
----------------- New log session started... --------------
1) Application started succeed
2) Loading file.. (loadDataButton clicked)
3) LoadFile Failed
4) Application stoped succeed
5) Start clearing..
6) ->Clear context..
7) Clearing filename..
8) Clearing points..
9) ->Clear context succeed
10) CleanUp SUCCEED
----------------- New log session started... --------------
1) Application started succeed
2) Loading file.. (loadDataButton clicked)
3) LoadFile Failed
4) Loading file.. (loadDataButton clicked)
5) Clearing filename..
6) Clearing points..
7) LoadFile SUCCEED
8) stepSlider valueChanged
9) stepSlider valueChanged
10) stepSlider valueChanged
11) spinboxes valueChanged
12) Filename Selected: /Users/k3rnel1x/Programming/qt_op_labs_bmstu/laba4/test_files/mytest.csv
13) stepSlider valueChanged
14) stepSlider valueChanged
15) stepSlider valueChanged
16) stepSlider valueChanged
17) stepSlider valueChanged
18) stepSlider valueChanged
19) stepSlider valueChanged
20) stepSlider valueChanged
21) stepSlider valueChanged
22) stepSlider valueChanged
23) stepSlider valueChanged
24) stepSlider valueChanged
25) stepSlider valueChanged
26) stepSlider valueChanged
27) stepSlider valueChanged
28) stepSlider valueChanged
29) stepSlider valueChanged
30) stepSlider valueChanged
31) renderButton clicked
32) starting normalize.. Params: Norm range: [0, 1] zRange: [0.000000, 2.000000]
33) normalizing succeed.
34) Render started!
35) stepSlider valueChanged
36) stepSlider valueChanged
37) stepSlider valueChanged
38) stepSlider valueChanged
39) stepSlider valueChanged
40) stepSlider valueChanged
41) stepSlider valueChanged
42) stepSlider valueChanged
43) stepSlider valueChanged
44) stepSlider valueChanged
45) stepSlider valueChanged
46) stepSlider valueChanged
47) stepSlider valueChanged
48) stepSlider valueChanged
49) stepSlider valueChanged
50) stepSlider valueChanged
51) stepSlider valueChanged
52) stepSlider valueChanged
53) stepSlider valueChanged
54) stepSlider valueChanged
55) stepSlider valueChanged
56) stepSlider valueChanged
57) stepSlider valueChanged
58) stepSlider valueChanged
59) stepSlider valueChanged
60) stepSlider valueChanged
61) stepSlider valueChanged
62) renderButton clicked
63) starting normalize.. Params: Norm range: [0, 1] zRange: [0.000000, 2.000000]
64) normalizing succeed.
65) Render started!
66) stepSlider valueChanged
67) stepSlider valueChanged
68) stepSlider valueChanged
69) stepSlider valueChanged
70) stepSlider valueChanged
71) stepSlider valueChanged
72) stepSlider valueChanged
73) stepSlider valueChanged
74) stepSlider valueChanged
75) stepSlider valueChanged
76) stepSlider valueChanged
77) stepSlider valueChanged
78) stepSlider valueChanged
79) stepSlider valueChanged
80) stepSlider valueChanged
81) stepSlider valueChanged
82) spinboxes valueChanged
83) spinboxes valueChanged
84) renderButton clicked
85) starting normalize.. Params: Norm range: [0, 99] zRange: [0.000000, 2.000000]
86) normalizing succeed.
87) Render started!
88) stepSlider valueChanged
89) renderButton clicked
90) starting normalize.. Params: Norm range: [0, 99] zRange: [0.000000, 2.000000]
91) normalizing succeed.
92) Render started!
93) stepSlider valueChanged
94) renderButton clicked
95) starting normalize.. Params: Norm range: [0, 99] zRange: [0.000000, 2.000000]
96) normalizing succeed.
97) Render started!
98) stepSlider valueChanged
99) renderButton clicked
100) starting normalize.. Params: Norm range: [0, 99] zRange: [0.000000, 2.000000]
101) normalizing succeed.
102) Render started!
103) stepSlider valueChanged
104) stepSlider valueChanged
105) stepSlider valueChanged
106) renderButton clicked
107) starting normalize.. Params: Norm range: [0, 99] zRange: [0.000000, 2.000000]
108) normalizing succeed.
109) Render started!
110) Application stoped succeed
111) Start clearing..
112) ->Clear context..
113) Clearing filename..
114) Clearing points..
115) ->Clear context succeed
116) CleanUp SUCCEED
----------------- New log session started... --------------
1) Application started succeed
2) Loading file.. (loadDataButton clicked)
3) Clearing filename..
4) Clearing points..
5) LoadFile SUCCEED
6) stepSlider valueChanged
7) stepSlider valueChanged
8) stepSlider valueChanged
9) spinboxes valueChanged
10) Filename Selected: /Users/k3rnel1x/Programming/qt_op_labs_bmstu/laba4/test_files/students_exams (вариант 2).csv
11) renderButton clicked
12) starting normalize.. Params: Norm range: [0, 1] zRange: [0.000000, 131.000000]
13) normalizing succeed.
14) Render started!
15) stepSlider valueChanged
16) stepSlider valueChanged
17) stepSlider valueChanged
18) stepSlider valueChanged
19) stepSlider valueChanged
20) renderButton clicked
21) starting normalize.. Params: Norm range: [0, 1] zRange: [0.000000, 131.000000]
22) normalizing succeed.
23) Render started!
24) Application stoped succeed
25) Start clearing..
26) ->Clear context..
27) Clearing filename..
28) Clearing points..
29) ->Clear context succeed
30) CleanUp SUCCEED
----------------- New log session started... --------------
1) Application started succeed
2) Loading file.. (loadDataButton clicked)
3) Clearing filename..
4) Clearing points..
5) LoadFile SUCCEED
6) stepSlider valueChanged
7) stepSlider valueChanged
8) stepSlider valueChanged
9) spinboxes valueChanged
10) Filename Selected: /Users/k3rnel1x/Programming/qt_op_labs_bmstu/laba4/test_files/students_exams (вариант 2).csv
11) renderButton clicked
12) starting normalize.. Params: Norm range: [0, 1] zRange: [0.000000, 131.000000]
13) normalizing succeed.
14) Render started!
15) stepSlider valueChanged
16) renderButton clicked
17) starting normalize.. Params: Norm range: [0, 1] zRange: [0.000000, 131.000000]
18) normalizing succeed.
19) Render started!
20) stepSlider valueChanged
21) renderButton clicked
22) starting normalize.. Params: Norm range: [0, 1] zRange: [0.000000, 131.000000]
23) normalizing succeed.
24) Render started!
25) stepSlider valueChanged
26) renderButton clicked
27) starting normalize.. Params: Norm range: [0, 1] zRange: [0.000000, 131.000000]
28) normalizing succeed.
29) Render started!
30) stepSlider valueChanged
31) renderButton clicked
32) starting normalize.. Params: Norm range: [0, 1] zRange: [0.000000, 131.000000]
33) normalizing succeed.
34) Render started!
35) Application stoped succeed
36) Start clearing..
37) ->Clear context..
38) Clearing filename..
39) Clearing points..
40) ->Clear context succeed
41) CleanUp SUCCEED
----------------- New log session started... --------------
1) Application started succeed
2) Loading file.. (loadDataButton clicked)
3) LoadFile Failed
4) Loading file.. (loadDataButton clicked)
5) Clearing filename..
6) Clearing points..
7) LoadFile SUCCEED
8) stepSlider valueChanged
9) stepSlider valueChanged
10) stepSlider valueChanged
11) spinboxes valueChanged
12) Filename Selected: /Users/k3rnel1x/Programming/qt_op_labs_bmstu/laba4/test_files/students_exams (вариант 2).csv
13) renderButton clicked
14) starting normalize.. Params: Norm range: [0, 1] zRange: [0.000000, 131.000000]
15) normalizing succeed.
16) Render started!
17) stepSlider valueChanged
18) renderButton clicked
19) starting normalize.. Params: Norm range: [0, 1] zRange: [0.000000, 131.000000]
20) normalizing succeed.
21) Render started!
22) stepSlider valueChanged
23) renderButton clicked
24) starting normalize.. Params: Norm range: [0, 1] zRange: [0.000000, 131.000000]
25) normalizing succeed.
26) Render started!
27) stepSlider valueChanged
28) renderButton clicked
29) starting normalize.. Params: Norm range: [0, 1] zRange: [0.000000, 131.000000]
30) normalizing succeed.
31) Render started!
32) stepSlider valueChanged
33) stepSlider valueChanged
34) stepSlider valueChanged
35) stepSlider valueChanged
36) stepSlider valueChanged
37) stepSlider valueChanged
38) stepSlider valueChanged
39) stepSlider valueChanged
40) renderButton clicked
41) starting normalize.. Params: Norm range: [0, 1] zRange: [0.000000, 131.000000]
42) normalizing succeed.
43) Render started!
44) Application stoped succeed
45) Start clearing..
46) ->Clear context..
47) Clearing filename..
48) Clearing points..
49) ->Clear context succeed
50) CleanUp SUCCEED
----------------- New log session started... --------------
1) Application started succeed
2) Loading file.. (loadDataButton clicked)
3) Clearing filename..
4) Clearing points..
5) LoadFile SUCCEED
6) stepSlider valueChanged
7) stepSlider valueChanged
8) stepSlider valueChanged
9) spinboxes valueChanged
10) Filename Selected: /Users/k3rnel1x/Programming/qt_op_labs_bmstu/laba4/test_files/students_exams (вариант 2).csv
11) renderButton clicked
12) starting normalize.. Params: Norm range: [0, 1] zRange: [0.000000, 131.000000]
13) normalizing succeed.
14) Render started!
15) stepSlider valueChanged
16) stepSlider valueChanged
17) stepSlider valueChanged
18) stepSlider valueChanged
19) stepSlider valueChanged
20) stepSlider valueChanged
21) stepSlider valueChanged
22) stepSlider valueChanged
23) stepSlider valueChanged
24) renderButton clicked
25) starting normalize.. Params: Norm range: [0, 1] zRange: [0.000000, 131.000000]
26) normalizing succeed.
27) Render started!
28) stepSlider valueChanged
29) stepSlider valueChanged
30) stepSlider valueChanged
31) stepSlider valueChanged
32) stepSlider valueChanged
33) stepSlider valueChanged
34) stepSlider valueChanged
35) renderButton clicked
36) starting normalize.. Params: Norm range: [0, 1] zRange: [0.000000, 131.000000]
37) normalizing succeed.
38) Render started!
39) stepSlider valueChanged
40) renderButton clicked
41) starting normalize.. Params: Norm range: [0, 1] zRange: [0.000000, 131.000000]
42) normalizing succeed.
43) Render started!
44) stepSlider valueChanged
45) renderButton clicked
46) starting normalize.. Params: Norm range: [0, 1] zRange: [0.000000, 131.000000]
47) normalizing succeed.
48) Render started!
49) spinboxes valueChanged
50) spinboxes valueChanged
51) renderButton clicked
52) starting normalize.. Params: Norm range: [0, 99] zRange: [0.000000, 131.000000]
53) normalizing succeed.
54) Render started!
55) stepSlider valueChanged
56) renderButton clicked
57) starting normalize.. Params: Norm range: [0, 99] zRange: [0.000000, 131.000000]
58) normalizing succeed.
59) Render started!
60) stepSlider valueChanged
61) stepSlider valueChanged
62) stepSlider valueChanged
63) stepSlider valueChanged
64) renderButton clicked
65) starting normalize.. Params: Norm range: [0, 99] zRange: [0.000000, 131.000000]
66) normalizing succeed.
67) Render started!
68) stepSlider valueChanged
69) renderButton clicked
70) starting normalize.. Params: Norm range: [0, 99] zRange: [0.000000, 131.000000]
71) normalizing succeed.
72) Render started!
73) stepSlider valueChanged
74) renderButton clicked
75) starting normalize.. Params: Norm range: [0, 99] zRange: [0.000000, 131.000000]
76) normalizing succeed.
77) Render started!
78) stepSlider valueChanged
79) renderButton clicked
80) starting normalize.. Params: Norm range: [0, 99] zRange: [0.000000, 131.000000]
81) normalizing succeed.
82) Render started!
83) stepSlider valueChanged
84) renderButton clicked
85) starting normalize.. Params: Norm range: [0, 99] zRange: [0.000000, 131.000000]
86) normalizing succeed.
87) Render started!
88) stepSlider valueChanged
89) renderButton clicked
90) starting normalize.. Params: Norm range: [0, 99] zRange: [0.000000, 131.000000]
91) normalizing succeed.
92) Render started!
93) stepSlider valueChanged
94) stepSlider valueChanged
95) stepSlider valueChanged
96) stepSlider valueChanged
97) stepSlider valueChanged
98) stepSlider valueChanged
99) stepSlider valueChanged
100) stepSlider valueChanged
101) stepSlider valueChanged
102) stepSlider valueChanged
103) stepSlider valueChanged
104) stepSlider valueChanged
105) stepSlider valueChanged
106) stepSlider valueChanged
107) stepSlider valueChanged
108) stepSlider valueChanged
109) stepSlider valueChanged
110) renderButton clicked
111) starting normalize.. Params: Norm range: [0, 99] zRange: [0.000000, 131.000000]
112) normalizing succeed.
113) Render started!
114) spinboxes valueChanged
115) spinboxes valueChanged
116) renderButton clicked
117) starting normalize.. Params: Norm range: [0, 1] zRange: [0.000000, 131.000000]
118) normalizing succeed.
119) Render started!
120) stepSlider valueChanged
121) renderButton clicked
122) starting normalize.. Params: Norm range: [0, 1] zRange: [0.000000, 131.000000]
123) normalizing succeed.
124) Render started!
125) spinboxes valueChanged
126) spinboxes valueChanged
127) spinboxes valueChanged
128) spinboxes valueChanged
129) renderButton clicked
130) starting normalize.. Params: Norm range: [90, 99] zRange: [0.000000, 131.000000]
131) normalizing succeed.
132) Render started!
133) stepSlider valueChanged
134) renderButton clicked
135) starting normalize.. Params: Norm range: [90, 99] zRange: [0.000000, 131.000000]
136) normalizing succeed.
137) Render started!
138) spinboxes valueChanged
139) spinboxes valueChanged
140) spinboxes valueChanged
141) spinboxes valueChanged
142) renderButton clicked
143) starting normalize.. Params: Norm range: [49, 99] zRange: [0.000000, 131.000000]
144) normalizing succeed.
145) Render started!
146) stepSlider valueChanged
147) renderButton clicked
148) starting normalize.. Params: Norm range: [49, 99] zRange: [0.000000, 131.000000]
149) normalizing succeed.
150) Render started!
151) stepSlider valueChanged
152) stepSlider valueChanged
153) stepSlider valueChanged
154) Application stoped succeed
155) Start clearing..
156) ->Clear context..
157) Clearing filename..
158) Clearing points..
159) ->Clear context succeed
160) CleanUp SUCCEED
----------------- New log session started... --------------
1) Application started succeed
2) Loading file.. (loadDataButton clicked)
3) Clearing filename..
4) Clearing points..
5) LoadFile SUCCEED
6) stepSlider valueChanged
7) stepSlider valueChanged
8) stepSlider valueChanged
9) spinboxes valueChanged
10) Filename Selected: /Users/k3rnel1x/Programming/qt_op_labs_bmstu/laba4/test_files/mytest.csv
11) renderButton clicked
12) starting normalize.. Params: Norm range: [0, 1] zRange: [0.000000, 2.000000]
13) normalizing succeed.
14) Render started!
15) Application stoped succeed
16) Start clearing..
17) ->Clear context..
18) Clearing filename..
19) Clearing points..
20) ->Clear context succeed
21) CleanUp SUCCEED
----------------- New log session started... --------------
1) Application started succeed
2) Loading file.. (loadDataButton clicked)
3) Clearing filename..
4) Clearing points..
5) LoadFile SUCCEED
6) stepSlider valueChanged
7) stepSlider valueChanged
8) stepSlider valueChanged
9) spinboxes valueChanged
10) Filename Selected: /Users/k3rnel1x/Programming/qt_op_labs_bmstu/laba4/test_files/schools_exams (вариант 1).csv
11) renderButton clicked
12) starting normalize.. Params: Norm range: [0, 1] zRange: [0.000000, 27.000000]
13) normalizing succeed.
14) Render started!
15) spinboxes valueChanged
16) spinboxes valueChanged
17) spinboxes valueChanged
18) spinboxes valueChanged
19) renderButton clicked
20) starting normalize.. Params: Norm range: [0, 99] zRange: [0.000000, 27.000000]
21) normalizing succeed.
22) Render started!
23) stepSlider valueChanged
24) stepSlider valueChanged
25) stepSlider valueChanged
26) stepSlider valueChanged
27) stepSlider valueChanged
28) renderButton clicked
29) starting normalize.. Params: Norm range: [0, 99] zRange: [0.000000, 27.000000]
30) normalizing succeed.
31) Render started!
32) stepSlider valueChanged
33) renderButton clicked
34) starting normalize.. Params: Norm range: [0, 99] zRange: [0.000000, 27.000000]
35) normalizing succeed.
36) Render started!
37) spinboxes valueChanged
38) spinboxes valueChanged
39) renderButton clicked
40) starting normalize.. Params: Norm range: [90, 99] zRange: [0.000000, 27.000000]
41) normalizing succeed.
42) Render started!
43) stepSlider valueChanged
44) stepSlider valueChanged
45) renderButton clicked
46) starting normalize.. Params: Norm range: [90, 99] zRange: [0.000000, 27.000000]
47) normalizing succeed.
48) Render started!
49) Application stoped succeed
50) Start clearing..
51) ->Clear context..
52) Clearing filename..
53) Clearing points..
54) ->Clear context succeed
55) CleanUp SUCCEED
----------------- New log session started... --------------
1) Application started succeed
2) Loading file.. (loadDataButton clicked)
3) Clearing filename..
4) Clearing points..
5) LoadFile SUCCEED
6) stepSlider valueChanged
7) stepSlider valueChanged
8) stepSlider valueChanged
9) spinboxes valueChanged
10) Filename Selected: /Users/k3rnel1x/Programming/qt_op_labs_bmstu/laba4/test_files/schools_exams (вариант 1).csv
11) renderButton clicked
12) starting normalize.. Params: Norm range: [0, 1] zRange: [0.000000, 27.000000]
13) normalizing succeed.
14) Render started!
15) spinboxes valueChanged
16) spinboxes valueChanged
17) spinboxes valueChanged
18) spinboxes valueChanged
19) renderButton clicked
20) starting normalize.. Params: Norm range: [98, 99] zRange: [0.000000, 27.000000]
21) normalizing succeed.
22) Render started!
23) stepSlider valueChanged
24) stepSlider valueChanged
25) stepSlider valueChanged
26) stepSlider valueChanged
27) stepSlider valueChanged
28) stepSlider valueChanged
29) stepSlider valueChanged
30) stepSlider valueChanged
31) stepSlider valueChanged
32) stepSlider valueChanged
33) stepSlider valueChanged
34) stepSlider valueChanged
35) stepSlider valueChanged
36) stepSlider valueChanged
37) stepSlider valueChanged
38) stepSlider valueChanged
39) renderButton clicked
40) starting normalize.. Params: Norm range: [98, 99] zRange: [0.000000, 27.000000]
41) normalizing succeed.
42) Render started!
43) stepSlider valueChanged
44) stepSlider valueChanged
45) stepSlider valueChanged
46) stepSlider valueChanged
47) stepSlider valueChanged
48) stepSlider valueChanged
49) stepSlider valueChanged
50) stepSlider valueChanged
51) renderButton clicked
52) starting normalize.. Params: Norm range: [98, 99] zRange: [0.000000, 27.000000]
53) normalizing succeed.
54) Render started!
55) Application stoped succeed
56) Start clearing..
57) ->Clear context..
58) Clearing filename..
59) Clearing points..
60) ->Clear context succeed
61) CleanUp SUCCEED
----------------- New log session started... --------------
1) Application started succeed
2) Loading file.. (loadDataButton clicked)
3) Clearing filename..
4) Clearing points..
5) LoadFile SUCCEED
6) stepSlider valueChanged
7) stepSlider valueChanged
8) stepSlider valueChanged
9) spinboxes valueChanged
10) Filename Selected: /Users/k3rnel1x/Programming/qt_op_labs_bmstu/laba4/test_files/schools_exams (вариант 1).csv
11) renderButton clicked
12) starting normalize.. Params: Norm range: [0, 1] zRange: [0.000000, 27.000000]
13) normalizing succeed.
14) Render started!
15) stepSlider valueChanged
16) stepSlider valueChanged
17) stepSlider valueChanged
18) stepSlider valueChanged
19) stepSlider valueChanged
20) spinboxes valueChanged
21) spinboxes valueChanged
22) renderButton clicked
23) starting normalize.. Params: Norm range: [0, 99] zRange: [0.000000, 27.000000]
24) normalizing succeed.
25) Render started!
26) stepSlider valueChanged
27) renderButton clicked
28) starting normalize.. Params: Norm range: [0, 99] zRange: [0.000000, 27.000000]
29) normalizing succeed.
30) Render started!
31) stepSlider valueChanged
32) renderButton clicked
33) starting normalize.. Params: Norm range: [0, 99] zRange: [0.000000, 27.000000]
34) normalizing succeed.
35) Render started!
36) stepSlider valueChanged
37) stepSlider valueChanged
38) renderButton clicked
39) starting normalize.. Params: Norm range: [0, 99] zRange: [0.000000, 27.000000]
40) normalizing succeed.
41) Render started!
42) spinboxes valueChanged
43) spinboxes valueChanged
44) spinboxes valueChanged
45) spinboxes valueChanged
46) spinboxes valueChanged
47) spinboxes valueChanged
48) spinboxes valueChanged
49) spinboxes valueChanged
50) spinboxes valueChanged
51) spinboxes valueChanged
52) spinboxes valueChanged
53) spinboxes valueChanged
54) spinboxes valueChanged
55) spinboxes valueChanged
56) spinboxes valueChanged
57) spinboxes valueChanged
58) spinboxes valueChanged
59) spinboxes valueChanged
60) spinboxes valueChanged
61) spinboxes valueChanged
62) spinboxes valueChanged
63) spinboxes valueChanged
64) spinboxes valueChanged
65) spinboxes valueChanged
66) spinboxes valueChanged
67) spinboxes valueChanged
68) spinboxes valueChanged
69) spinboxes valueChanged
70) spinboxes valueChanged
71) spinboxes valueChanged
72) renderButton clicked
73) starting normalize.. Params: Norm range: [30, 99] zRange: [0.000000, 27.000000]
74) normalizing succeed.
75) Render started!
76) spinboxes valueChanged
77) spinboxes valueChanged
78) renderButton clicked
79) starting normalize.. Params: Norm range: [30, 9] zRange: [0.000000, 27.000000]
80) normalizing succeed.
81) Render started!
82) Loading file.. (loadDataButton clicked)
83) Clearing filename..
84) Clearing points..
85) LoadFile SUCCEED
86) stepSlider valueChanged
87) spinboxes valueChanged
88) spinboxes valueChanged
89) stepSlider valueChanged
90) spinboxes valueChanged
91) Filename Selected: /Users/k3rnel1x/Programming/qt_op_labs_bmstu/laba4/test_files/schools_exams (вариант 1).csv
92) renderButton clicked
93) starting normalize.. Params: Norm range: [0, 1] zRange: [0.000000, 27.000000]
94) normalizing succeed.
95) Render started!
96) spinboxes valueChanged
97) spinboxes valueChanged
98) renderButton clicked
99) starting normalize.. Params: Norm range: [8, 9] zRange: [0.000000, 27.000000]
100) normalizing succeed.
101) Render started!
102) renderButton clicked
103) starting normalize.. Params: Norm range: [8, 9] zRange: [0.000000, 27.000000]
104) normalizing succeed.
105) Render started!
106) stepSlider valueChanged
107) stepSlider valueChanged
108) stepSlider valueChanged
109) stepSlider valueChanged
110) stepSlider valueChanged
111) stepSlider valueChanged
112) stepSlider valueChanged
113) stepSlider valueChanged
114) stepSlider valueChanged
115) stepSlider valueChanged
116) renderButton clicked
117) starting normalize.. Params: Norm range: [8, 9] zRange: [0.000000, 27.000000]
118) normalizing succeed.
119) Render started!
120) stepSlider valueChanged
121) stepSlider valueChanged
122) stepSlider valueChanged
123) stepSlider valueChanged
124) stepSlider valueChanged
125) stepSlider valueChanged
126) stepSlider valueChanged
127) stepSlider valueChanged
128) stepSlider valueChanged
129) renderButton clicked
130) starting normalize.. Params: Norm range: [8, 9] zRange: [0.000000, 27.000000]
131) normalizing succeed.
132) Render started!
133) renderButton clicked
134) starting normalize.. Params: Norm range: [8, 9] zRange: [0.000000, 27.000000]
135) normalizing succeed.
136) Render started!
137) stepSlider valueChanged
138) renderButton clicked
139) starting normalize.. Params: Norm range: [8, 9] zRange: [0.000000, 27.000000]
140) normalizing succeed.
141) Render started!
142) renderButton clicked
143) starting normalize.. Params: Norm range: [8, 9] zRange: [0.000000, 27.000000]
144) normalizing succeed.
145) Render started!
146) renderButton clicked
147) starting normalize.. Params: Norm range: [8, 9] zRange: [0.000000, 27.000000]
148) normalizing succeed.
149) Render started!
150) spinboxes valueChanged
151) renderButton clicked
152) starting normalize.. Params: Norm range: [7, 9] zRange: [0.000000, 27.000000]
153) normalizing succeed.
154) Render started!
155) spinboxes valueChanged
156) renderButton clicked
157) starting normalize.. Params: Norm range: [8, 9] zRange: [0.000000, 27.000000]
158) normalizing succeed.
159) Render started!
160) spinboxes valueChanged
161) renderButton clicked
162) starting normalize.. Params: Norm range: [8, 90] zRange: [0.000000, 27.000000]
163) normalizing succeed.
164) Render started!
165) stepSlider valueChanged
166) stepSlider valueChanged
167) stepSlider valueChanged
168) stepSlider valueChanged
169) stepSlider valueChanged
170) renderButton clicked
171) starting normalize.. Params: Norm range: [8, 90] zRange: [0.000000, 27.000000]
172) normalizing succeed.
173) Render started!
174) spinboxes valueChanged
175) spinboxes valueChanged
176) spinboxes valueChanged
177) renderButton clicked
178) starting normalize.. Params: Norm range: [7, 8] zRange: [0.000000, 27.000000]
179) normalizing succeed.
180) Render started!
181) spinboxes valueChanged
182) spinboxes valueChanged
183) renderButton clicked
184) starting normalize.. Params: Norm range: [8, 9] zRange: [0.000000, 27.000000]
185) normalizing succeed.
186) Render started!
187) spinboxes valueChanged
188) spinboxes valueChanged
189) spinboxes valueChanged
190) spinboxes valueChanged
191) spinboxes valueChanged
192) spinboxes valueChanged
193) spinboxes valueChanged
194) spinboxes valueChanged
195) spinboxes valueChanged
196) spinboxes valueChanged
197) spinboxes valueChanged
198) spinboxes valueChanged
199) spinboxes valueChanged
200) spinboxes valueChanged
201) renderButton clicked
202) starting normalize.. Params: Norm range: [8, 9] zRange: [0.000000, 27.000000]
203) normalizing succeed.
204) Render started!
205) renderButton clicked
206) starting normalize.. Params: Norm range: [8, 9] zRange: [0.000000, 27.000000]
207) normalizing succeed.
208) Render started!
209) spinboxes valueChanged
210) renderButton clicked
211) starting normalize.. Params: Norm range: [0, 9] zRange: [0.000000, 27.000000]
212) normalizing succeed.
213) Render started!
214) spinboxes valueChanged
215) spinboxes valueChanged
216) spinboxes valueChanged
217) spinboxes valueChanged
218) spinboxes valueChanged
219) spinboxes valueChanged
220) spinboxes valueChanged
221) spinboxes valueChanged
222) spinboxes valueChanged
223) spinboxes valueChanged
224) spinboxes valueChanged
225) spinboxes valueChanged
226) spinboxes valueChanged
227) spinboxes valueChanged
228) spinboxes valueChanged
229) spinboxes valueChanged
230) spinboxes valueChanged
231) spinboxes valueChanged
232) spinboxes valueChanged
233) spinboxes valueChanged
234) spinboxes valueChanged
235) spinboxes valueChanged
236) spinboxes valueChanged
237) spinboxes valueChanged
238) spinboxes valueChanged
239) spinboxes valueChanged
240) spinboxes valueChanged
241) spinboxes valueChanged
242) spinboxes valueChanged
243) spinboxes valueChanged
244) spinboxes valueChanged
245) spinboxes valueChanged
246) spinboxes valueChanged
247) spinboxes valueChanged
248) spinboxes valueChanged
249) spinboxes valueChanged
250) spinboxes valueChanged
251) spinboxes valueChanged
252) spinboxes valueChanged
253) spinboxes valueChanged
254) spinboxes valueChanged
255) spinboxes valueChanged
256) spinboxes valueChanged
257) spinboxes valueChanged
258) spinboxes valueChanged
259) spinboxes valueChanged
260) spinboxes valueChanged
261) spinboxes valueChanged
262) spinboxes valueChanged
263) spinboxes valueChanged
264) spinboxes valueChanged
265) spinboxes valueChanged
266) spinboxes valueChanged
267) spinboxes valueChanged
268) spinboxes valueChanged
269) spinboxes valueChanged
270) spinboxes valueChanged
271) spinboxes valueChanged
272) spinboxes valueChanged
273) spinboxes valueChanged
274) spinboxes valueChanged
275) spinboxes valueChanged
276) spinboxes valueChanged
277) spinboxes valueChanged
278) spinboxes valueChanged
279) spinboxes valueChanged
280) spinboxes valueChanged
281) spinboxes valueChanged
282) spinboxes valueChanged
283) renderButton clicked
284) starting normalize.. Params: Norm range: [17, 5] zRange: [0.000000, 27.000000]
285) normalizing succeed.
286) Render started!
287) Loading file.. (loadDataButton clicked)
288) Clearing filename..
289) Clearing points..
290) LoadFile SUCCEED
291) stepSlider valueChanged
292) spinboxes valueChanged
293) spinboxes valueChanged
294) stepSlider valueChanged
295) spinboxes valueChanged
296) Filename Selected: /Users/k3rnel1x/Programming/qt_op_labs_bmstu/laba4/test_files/schools_exams (вариант 1).csv
297) spinboxes valueChanged
298) spinboxes valueChanged
299) spinboxes valueChanged
300) spinboxes valueChanged
301) renderButton clicked
302) starting normalize.. Params: Norm range: [45, 67] zRange: [0.000000, 27.000000]
303) normalizing succeed.
304) Render started!
305) spinboxes valueChanged
306) spinboxes valueChanged
307) renderButton clicked
308) starting normalize.. Params: Norm range: [45, 6] zRange: [0.000000, 27.000000]
309) normalizing succeed.
310) Render started!
311) Application stoped succeed
312) Start clearing..
313) ->Clear context..
314) Clearing filename..
315) Clearing points..
316) ->Clear context succeed
317) CleanUp SUCCEED
----------------- New log session started... --------------
1) Application started succeed
2) Loading file.. (loadDataButton clicked)
3) Clearing filename..
4) Clearing points..
5) LoadFile SUCCEED
6) stepSlider valueChanged
7) stepSlider valueChanged
8) stepSlider valueChanged
9) spinboxes valueChanged
10) Filename Selected: /Users/k3rnel1x/Programming/qt_op_labs_bmstu/laba4/test_files/students_exams (вариант 2).csv
11) renderButton clicked
12) starting normalize.. Params: Norm range: [0, 1] zRange: [0.000000, 131.000000]
13) normalizing succeed.
14) Render started!
15) stepSlider valueChanged
16) stepSlider valueChanged
17) stepSlider valueChanged
18) stepSlider valueChanged
19) stepSlider valueChanged
20) stepSlider valueChanged
21) renderButton clicked
22) starting normalize.. Params: Norm range: [0, 1] zRange: [0.000000, 131.000000]
23) normalizing succeed.
24) Render started!
25) spinboxes valueChanged
26) spinboxes valueChanged
27) spinboxes valueChanged
28) spinboxes valueChanged
29) renderButton clicked
30) starting normalize.. Params: Norm range: [45, 67] zRange: [0.000000, 131.000000]
31) normalizing succeed.
32) Render started!
33) spinboxes valueChanged
34) spinboxes valueChanged
35) renderButton clicked
36) starting normalize.. Params: Norm range: [45, 6] zRange: [0.000000, 131.000000]
37) normalizing succeed.
38) Render started!
39) Application stoped succeed
40) Start clearing..
41) ->Clear context..
42) Clearing filename..
43) Clearing points..
44) ->Clear context succeed
45) CleanUp SUCCEED
----------------- New log session started... --------------
1) Application started succeed
2) Loading file.. (loadDataButton clicked)
3) Clearing filename..
4) Clearing points..
5) LoadFile SUCCEED
6) stepSlider valueChanged
7) stepSlider valueChanged
8) stepSlider valueChanged
9) spinboxes valueChanged
10) Filename Selected: /Users/k3rnel1x/Programming/qt_op_labs_bmstu/laba4/test_files/schools_exams (вариант 1).csv
11) spinboxes valueChanged
12) spinboxes valueChanged
13) spinboxes valueChanged
14) spinboxes valueChanged
15) renderButton clicked
16) starting normalize.. Params: Norm range: [56, 78] zRange: [0.000000, 27.000000]
17) normalizing succeed.
18) Render started!
19) spinboxes valueChanged
20) spinboxes valueChanged
21) renderButton clicked
22) starting normalize.. Params: Norm range: [56, 7] zRange: [0.000000, 27.000000]
23) normalizing succeed.
24) Render started!
25) renderButton clicked
26) starting normalize.. Params: Norm range: [56, 7] zRange: [0.000000, 27.000000]
27) normalizing succeed.
28) Render started!
29) renderButton clicked
30) starting normalize.. Params: Norm range: [56, 7] zRange: [0.000000, 27.000000]
31) normalizing succeed.
32) Render started!
33) spinboxes valueChanged
34) renderButton clicked
35) starting normalize.. Params: Norm range: [6, 75] zRange: [0.000000, 27.000000]
36) normalizing succeed.
37) Render started!
38) spinboxes valueChanged
39) renderButton clicked
40) starting normalize.. Params: Norm range: [6, 7] zRange: [0.000000, 27.000000]
41) normalizing succeed.
42) Render started!
43) spinboxes valueChanged
44) spinboxes valueChanged
45) renderButton clicked
46) starting normalize.. Params: Norm range: [63, 73] zRange: [0.000000, 27.000000]
47) normalizing succeed.
48) Render started!
49) renderButton clicked
50) starting normalize.. Params: Norm range: [63, 73] zRange: [0.000000, 27.000000]
51) normalizing succeed.
52) Render started!
53) renderButton clicked
54) starting normalize.. Params: Norm range: [63, 73] zRange: [0.000000, 27.000000]
55) normalizing succeed.
56) Render started!
57) spinboxes valueChanged
58) renderButton clicked
59) starting normalize.. Params: Norm range: [6, 73] zRange: [0.000000, 27.000000]
60) normalizing succeed.
61) Render started!
62) spinboxes valueChanged
63) renderButton clicked
64) starting normalize.. Params: Norm range: [63, 73] zRange: [0.000000, 27.000000]
65) normalizing succeed.
66) Render started!
67) spinboxes valueChanged
68) spinboxes valueChanged
69) spinboxes valueChanged
70) spinboxes valueChanged
71) renderButton clicked
72) starting normalize.. Params: Norm range: [6, 7] zRange: [0.000000, 27.000000]
73) normalizing succeed.
74) Render started!
75) renderButton clicked
76) starting normalize.. Params: Norm range: [6, 7] zRange: [0.000000, 27.000000]
77) normalizing succeed.
78) Render started!
79) spinboxes valueChanged
80) spinboxes valueChanged
81) renderButton clicked
82) starting normalize.. Params: Norm range: [63, 73] zRange: [0.000000, 27.000000]
83) normalizing succeed.
84) Render started!
85) spinboxes valueChanged
86) spinboxes valueChanged
87) renderButton clicked
88) starting normalize.. Params: Norm range: [63, 7] zRange: [0.000000, 27.000000]
89) normalizing succeed.
90) Render started!
91) Application stoped succeed
92) Start clearing..
93) ->Clear context..
94) Clearing filename..
95) Clearing points..
96) ->Clear context succeed
97) CleanUp SUCCEED
----------------- New log session started... --------------
1) Application started succeed
2) Application stoped succeed
3) Start clearing..
4) ->Clear context..
5) Clearing filename..
6) Clearing points..
7) ->Clear context succeed
8) CleanUp SUCCEED
----------------- New log session started... --------------
1) Application started succeed
2) Loading file.. (loadDataButton clicked)
3) Clearing filename..
4) Clearing points..
5) LoadFile SUCCEED
6) stepSlider valueChanged
7) stepSlider valueChanged
8) stepSlider valueChanged
9) spinboxes valueChanged
10) Filename Selected: /Users/k3rnel1x/Programming/qt_op_labs_bmstu/laba4/test_files/students_exams (вариант 2).csv
11) renderButton clicked
12) starting normalize.. Params: Norm range: [0, 1] zRange: [0.000000, 131.000000]
13) normalizing succeed.
14) Render started!
15) renderButton clicked
16) starting normalize.. Params: Norm range: [0, 1] zRange: [0.000000, 131.000000]
17) normalizing succeed.
18) Render started!
19) renderButton clicked
20) starting normalize.. Params: Norm range: [0, 1] zRange: [0.000000, 131.000000]
21) normalizing succeed.
22) Render started!
23) spinboxes valueChanged
24) spinboxes valueChanged
25) renderButton clicked
26) starting normalize.. Params: Norm range: [5, 10] zRange: [0.000000, 131.000000]
27) normalizing succeed.
28) Render started!
29) spinboxes valueChanged
30) spinboxes valueChanged
31) renderButton clicked
32) starting normalize.. Params: Norm range: [5, 1] zRange: [0.000000, 131.000000]
33) normalizing succeed.
34) Render started!
35) Application stoped succeed
36) Start clearing..
37) ->Clear context..
38) Clearing filename..
39) Clearing points..
40) ->Clear context succeed
41) CleanUp SUCCEED
----------------- New log session started... --------------
1) Application started succeed
2) Loading file.. (loadDataButton clicked)
3) Clearing filename..
4) Clearing points..
5) LoadFile SUCCEED
6) stepSlider valueChanged
7) stepSlider valueChanged
8) stepSlider valueChanged
9) spinboxes valueChanged
10) Filename Selected: /Users/k3rnel1x/Programming/qt_op_labs_bmstu/laba4/test_files/students_exams (вариант 2).csv
11) renderButton clicked
12) starting normalize.. Params: Norm range: [0, 1] zRange: [0.000000, 131.000000]
13) normalizing succeed.
14) Render started!
15) spinboxes valueChanged
16) spinboxes valueChanged
17) spinboxes valueChanged
18) Application stoped succeed
19) Start clearing..
20) ->Clear context..
21) Clearing filename..
22) Clearing points..
23) ->Clear context succeed
24) CleanUp SUCCEED
----------------- New log session started... --------------
1) Application started succeed
2) Loading file.. (loadDataButton clicked)
3) Clearing filename..
4) Clearing points..
5) LoadFile SUCCEED
6) stepSlider valueChanged
7) stepSlider valueChanged
8) stepSlider valueChanged
9) spinboxes valueChanged
10) Filename Selected: /Users/k3rnel1x/Programming/qt_op_labs_bmstu/laba4/test_files/students_exams (вариант 2).csv
11) renderButton clicked
12) starting normalize.. Params: Norm range: [0, 1] zRange: [0.000000, 131.000000]
13) normalizing succeed.
14) Render started!
15) spinboxes valueChanged
16) spinboxes valueChanged
17) spinboxes valueChanged
18) spinboxes valueChanged
19) spinboxes valueChanged
20) spinboxes valueChanged
21) spinboxes valueChanged
22) spinboxes valueChanged
23) renderButton clicked
24) starting normalize.. Params: Norm range: [32, 56] zRange: [0.000000, 131.000000]
25) normalizing succeed.
26) Render started!
27) spinboxes valueChanged
28) spinboxes valueChanged
29) renderButton clicked
30) starting normalize.. Params: Norm range: [32, 5] zRange: [0.000000, 131.000000]
31) normalizing succeed.
32) Render started!
33) renderButton clicked
34) starting normalize.. Params: Norm range: [32, 5] zRange: [0.000000, 131.000000]
35) normalizing succeed.
36) Render started!
37) renderButton clicked
38) starting normalize.. Params: Norm range: [32, 5] zRange: [0.000000, 131.000000]
39) normalizing succeed.
40) Render started!
41) renderButton clicked
42) starting normalize.. Params: Norm range: [32, 5] zRange: [0.000000, 131.000000]
43) normalizing succeed.
44) Render started!
45) renderButton clicked
46) starting normalize.. Params: Norm range: [32, 5] zRange: [0.000000, 131.000000]
47) normalizing succeed.
48) Render started!
49) spinboxes valueChanged
50) spinboxes valueChanged
51) spinboxes valueChanged
52) spinboxes valueChanged
53) renderButton clicked
54) starting normalize.. Params: Norm range: [3, 5] zRange: [0.000000, 131.000000]
55) normalizing succeed.
56) Render started!
57) spinboxes valueChanged
58) renderButton clicked
59) starting normalize.. Params: Norm range: [4, 5] zRange: [0.000000, 131.000000]
60) normalizing succeed.
61) Render started!
62) stepSlider valueChanged
63) stepSlider valueChanged
64) stepSlider valueChanged
65) stepSlider valueChanged
66) renderButton clicked
67) starting normalize.. Params: Norm range: [4, 5] zRange: [0.000000, 131.000000]
68) normalizing succeed.
69) Render started!
70) Application stoped succeed
71) Start clearing..
72) ->Clear context..
73) Clearing filename..
74) Clearing points..
75) ->Clear context succeed
76) CleanUp SUCCEED
----------------- New log session started... --------------
1) Application started succeed
2) Loading file.. (loadDataButton clicked)
3) Clearing filename..
4) Clearing points..
5) LoadFile SUCCEED
6) stepSlider valueChanged
7) stepSlider valueChanged
8) stepSlider valueChanged
9) spinboxes valueChanged
10) Filename Selected: /Users/k3rnel1x/Programming/qt_op_labs_bmstu/laba4/test_files/students_exams (вариант 2).csv
11) renderButton clicked
12) starting normalize.. Params: Norm range: [0, 1] zRange: [0.000000, 131.000000]
13) normalizing succeed.
14) Render started!
15) spinboxes valueChanged
16) spinboxes valueChanged
17) spinboxes valueChanged
18) spinboxes valueChanged
19) renderButton clicked
20) starting normalize.. Params: Norm range: [45, 67] zRange: [0.000000, 131.000000]
21) normalizing succeed.
22) Render started!
23) spinboxes valueChanged
24) spinboxes valueChanged
25) Application stoped succeed
26) Start clearing..
27) ->Clear context..
28) Clearing filename..
29) Clearing points..
30) ->Clear context succeed
31) CleanUp SUCCEED
----------------- New log session started... --------------
1) Application started succeed
2) Loading file.. (loadDataButton clicked)
3) Clearing filename..
4) Clearing points..
5) LoadFile SUCCEED
6) stepSlider valueChanged
7) stepSlider valueChanged
8) stepSlider valueChanged
9) spinboxes valueChanged
10) Filename Selected: /Users/k3rnel1x/Programming/qt_op_labs_bmstu/laba4/test_files/students_exams (вариант 2).csv
11) spinboxes valueChanged
12) spinboxes valueChanged
13) spinboxes valueChanged
14) spinboxes valueChanged
15) renderButton clicked
16) starting normalize.. Params: Norm range: [45, 67] zRange: [0.000000, 131.000000]
17) normalizing succeed.
18) Render started!
19) spinboxes valueChanged
20) renderButton clicked
21) starting normalize.. Params: Norm range: [45, 67] zRange: [0.000000, 131.000000]
22) normalizing succeed.
23) Render started!
24) renderButton clicked
25) starting normalize.. Params: Norm range: [45, 67] zRange: [0.000000, 131.000000]
26) normalizing succeed.
27) Render started!
28) renderButton clicked
29) starting normalize.. Params: Norm range: [45, 67] zRange: [0.000000, 131.000000]
30) normalizing succeed.
31) Render started!
32) renderButton clicked
33) starting normalize.. Params: Norm range: [45, 67] zRange: [0.000000, 131.000000]
34) normalizing succeed.
35) Render started!
36) renderButton clicked
37) starting normalize.. Params: Norm range: [45, 67] zRange: [0.000000, 131.000000]
38) normalizing succeed.
39) Render started!
40) renderButton clicked
41) starting normalize.. Params: Norm range: [45, 67] zRange: [0.000000, 131.000000]
42) normalizing succeed.
43) Render started!
44) Application stoped succeed
45) Start clearing..
46) ->Clear context..
47) Clearing filename..
48) Clearing points..
49) ->Clear context succeed
50) CleanUp SUCCEED
----------------- New log session started... --------------
1) Application started succeed
2) Loading file.. (loadDataButton clicked)
3) Clearing filename..
4) Clearing points..
5) LoadFile SUCCEED
6) stepSlider valueChanged
7) stepSlider valueChanged
8) stepSlider valueChanged
9) spinboxes valueChanged
10) Filename Selected: /Users/k3rnel1x/Programming/qt_op_labs_bmstu/laba4/test_files/students_exams (вариант 2).csv
11) spinboxes valueChanged
12) spinboxes valueChanged
13) spinboxes valueChanged
14) spinboxes valueChanged
15) spinboxes valueChanged
16) renderButton clicked
17) starting normalize.. Params: Norm range: [45, 78] zRange: [0.000000, 131.000000]
18) normalizing succeed.
19) Render started!
20) spinboxes valueChanged
21) spinboxes valueChanged
22) renderButton clicked
23) starting normalize.. Params: Norm range: [6, 7] zRange: [0.000000, 131.000000]
24) normalizing succeed.
25) Render started!
26) Loading file.. (loadDataButton clicked)
27) Clearing filename..
28) Clearing points..
29) LoadFile SUCCEED
30) stepSlider valueChanged
31) spinboxes valueChanged
32) spinboxes valueChanged
33) stepSlider valueChanged
34) spinboxes valueChanged
35) Filename Selected: /Users/k3rnel1x/Programming/qt_op_labs_bmstu/laba4/test_files/schools_exams (вариант 1).csv
36) stepSlider valueChanged
37) stepSlider valueChanged
38) stepSlider valueChanged
39) stepSlider valueChanged
40) stepSlider valueChanged
41) stepSlider valueChanged
42) spinboxes valueChanged
43) spinboxes valueChanged
44) renderButton clicked
45) starting normalize.. Params: Norm range: [0, 99] zRange: [0.000000, 27.000000]
46) normalizing succeed.
47) Render started!
48) stepSlider valueChanged
49) stepSlider valueChanged
50) stepSlider valueChanged
51) stepSlider valueChanged
52) stepSlider valueChanged
53) stepSlider valueChanged
54) stepSlider valueChanged
55) renderButton clicked
56) starting normalize.. Params: Norm range: [0, 99] zRange: [0.000000, 27.000000]
57) normalizing succeed.
58) Render started!
59) stepSlider valueChanged
60) stepSlider valueChanged
61) stepSlider valueChanged
62) stepSlider valueChanged
63) stepSlider valueChanged
64) stepSlider valueChanged
65) renderButton clicked
66) starting normalize.. Params: Norm range: [0, 99] zRange: [0.000000, 27.000000]
67) normalizing succeed.
68) Render started!
69) spinboxes valueChanged
70) spinboxes valueChanged
71) spinboxes valueChanged
72) renderButton clicked
73) starting normalize.. Params: Norm range: [56, 99] zRange: [0.000000, 27.000000]
74) normalizing succeed.
75) Render started!
76) spinboxes valueChanged
77) spinboxes valueChanged
78) spinboxes valueChanged
79) spinboxes valueChanged
80) renderButton clicked
81) starting normalize.. Params: Norm range: [0, 1] zRange: [0.000000, 27.000000]
82) normalizing succeed.
83) Render started!
84) Application stoped succeed
85) Start clearing..
86) ->Clear context..
87) Clearing filename..
88) Clearing points..
89) ->Clear context succeed
90) CleanUp SUCCEED
----------------- New log session started... --------------
1) Application started succeed
2) Loading file.. (loadDataButton clicked)
3) No file selected
4) Application stoped succeed
5) Start clearing..
6) ->Clear context..
7) Clearing filename..
8) Clearing points..
9) ->Clear context succeed
10) CleanUp SUCCEED
----------------- New log session started... --------------
1) Application started succeed
2) Loading file.. (loadDataButton clicked)
3) Clearing filename..
4) Clearing points..
5) LoadFile SUCCEED
6) stepSlider valueChanged
7) stepSlider valueChanged
8) stepSlider valueChanged
9) spinboxes valueChanged
10) Filename Selected: /Users/k3rnel1x/Programming/qt_op_labs_bmstu/laba4/test_files/students_exams (вариант 2).csv
11) renderButton clicked
12) starting normalize.. Params: Norm range: [0, 1] zRange: [0.000000, 131.000000]
13) normalizing succeed.
14) Render started!
15) stepSlider valueChanged
16) stepSlider valueChanged
17) stepSlider valueChanged
18) stepSlider valueChanged
19) stepSlider valueChanged
20) stepSlider valueChanged
21) stepSlider valueChanged
22) spinboxes valueChanged
23) spinboxes valueChanged
24) renderButton clicked
25) starting normalize.. Params: Norm range: [0, 99] zRange: [0.000000, 131.000000]
26) normalizing succeed.
27) Render started!
28) stepSlider valueChanged
29) stepSlider valueChanged
30) stepSlider valueChanged
31) stepSlider valueChanged
32) stepSlider valueChanged
33) stepSlider valueChanged
34) renderButton clicked
35) starting normalize.. Params: Norm range: [0, 99] zRange: [0.000000, 131.000000]
36) normalizing succeed.
37) Render started!
38) stepSlider valueChanged
39) stepSlider valueChanged
40) stepSlider valueChanged
41) stepSlider valueChanged
42) stepSlider valueChanged
43) stepSlider valueChanged
44) stepSlider valueChanged
45) stepSlider valueChanged
46) stepSlider valueChanged
47) stepSlider valueChanged
48) stepSlider valueChanged
49) renderButton clicked
50) starting normalize.. Params: Norm range: [0, 99] zRange: [0.000000, 131.000000]
51) normalizing succeed.
52) Render started!
53) stepSlider valueChanged
54) stepSlider valueChanged
55) stepSlider valueChanged
56) stepSlider valueChanged
57) stepSlider valueChanged
58) stepSlider valueChanged
59) stepSlider valueChanged
60) stepSlider valueChanged
61) renderButton clicked
62) starting normalize.. Params: Norm range: [0, 99] zRange: [0.000000, 131.000000]
63) normalizing succeed.
64) Render started!
65) Application stoped succeed
66) Start clearing..
67) ->Clear context..
68) Clearing filename..
69) Clearing points..
70) ->Clear context succeed
71) CleanUp SUCCEED
----------------- New log session started... --------------
1) Application started succeed
2) Loading file.. (loadDataButton clicked)
3) No file selected
4) Application stoped succeed
5) Start clearing..
6) ->Clear context..
7) Clearing filename..
8) Clearing points..
9) ->Clear context succeed
10) CleanUp SUCCEED
----------------- New log session started... --------------
1) Application started succeed
2) Loading file.. (loadDataButton clicked)
3) Clearing filename..
4) Clearing points..
5) LoadFile SUCCEED
6) stepSlider valueChanged
7) stepSlider valueChanged
8) stepSlider valueChanged
9) spinboxes valueChanged
10) Filename Selected: /Users/k3rnel1x/Programming/qt_op_labs_bmstu/laba4/test_files/students_exams (вариант 2).csv
11) renderButton clicked
12) starting normalize.. Params: Norm range: [0, 1] zRange: [0.000000, 131.000000]
13) normalizing succeed.
14) Render started!
15) stepSlider valueChanged
16) stepSlider valueChanged
17) stepSlider valueChanged
18) stepSlider valueChanged
19) stepSlider valueChanged
20) stepSlider valueChanged
21) stepSlider valueChanged
22) stepSlider valueChanged
23) stepSlider valueChanged
24) stepSlider valueChanged
25) stepSlider valueChanged
26) stepSlider valueChanged
27) stepSlider valueChanged
28) stepSlider valueChanged
29) stepSlider valueChanged
30) stepSlider valueChanged
31) stepSlider valueChanged
32) stepSlider valueChanged
33) stepSlider valueChanged
34) stepSlider valueChanged
35) stepSlider valueChanged
36) stepSlider valueChanged
37) stepSlider valueChanged
38) stepSlider valueChanged
39) stepSlider valueChanged
40) stepSlider valueChanged
41) stepSlider valueChanged
42) stepSlider valueChanged
43) stepSlider valueChanged
44) stepSlider valueChanged
45) stepSlider valueChanged
46) stepSlider valueChanged
47) stepSlider valueChanged
48) stepSlider valueChanged
49) stepSlider valueChanged
50) stepSlider valueChanged
51) stepSlider valueChanged
52) stepSlider valueChanged
53) stepSlider valueChanged
54) stepSlider valueChanged
55) stepSlider valueChanged
56) stepSlider valueChanged
57) stepSlider valueChanged
58) stepSlider valueChanged
59) stepSlider valueChanged
60) stepSlider valueChanged
61) stepSlider valueChanged
62) stepSlider valueChanged
63) stepSlider valueChanged
64) stepSlider valueChanged
65) stepSlider valueChanged
66) stepSlider valueChanged
67) stepSlider valueChanged
68) stepSlider valueChanged
69) stepSlider valueChanged
70) stepSlider valueChanged
71) stepSlider valueChanged
72) stepSlider valueChanged
73) stepSlider valueChanged
74) stepSlider valueChanged
75) stepSlider valueChanged
76) stepSlider valueChanged
77) stepSlider valueChanged
78) stepSlider valueChanged
79) stepSlider valueChanged
80) stepSlider valueChanged
81) stepSlider valueChanged
82) stepSlider valueChanged
83) stepSlider valueChanged
84) stepSlider valueChanged
85) stepSlider valueChanged
86) stepSlider valueChanged
87) stepSlider valueChanged
88) stepSlider valueChanged
89) stepSlider valueChanged
90) stepSlider valueChanged
91) stepSlider valueChanged
92) stepSlider valueChanged
93) stepSlider valueChanged
94) stepSlider valueChanged
95) stepSlider valueChanged
96) stepSlider valueChanged
97) stepSlider valueChanged
98) stepSlider valueChanged
99) stepSlider valueChanged
100) stepSlider valueChanged
101) stepSlider valueChanged
102) stepSlider valueChanged
103) stepSlider valueChanged
104) stepSlider valueChanged
105) stepSlider valueChanged
106) stepSlider valueChanged
107) stepSlider valueChanged
108) stepSlider valueChanged
109) stepSlider valueChanged
110) stepSlider valueChanged
111) stepSlider valueChanged
112) renderButton clicked
113) starting normalize.. Params: Norm range: [0, 1] zRange: [0.000000, 131.000000]
114) normalizing succeed.
115) Render started!
116) stepSlider valueChanged
117) stepSlider valueChanged
118) stepSlider valueChanged
119) stepSlider valueChanged
120) stepSlider valueChanged
121) stepSlider valueChanged
122) stepSlider valueChanged
123) stepSlider valueChanged
124) stepSlider valueChanged
125) stepSlider valueChanged
126) stepSlider valueChanged
127) stepSlider valueChanged
128) stepSlider valueChanged
129) stepSlider valueChanged
130) renderButton clicked
131) starting normalize.. Params: Norm range: [0, 1] zRange: [0.000000, 131.000000]
132) normalizing succeed.
133) Render started!
134) spinboxes valueChanged
135) spinboxes valueChanged
136) spinboxes valueChanged
137) spinboxes valueChanged
138) spinboxes valueChanged
139) spinboxes valueChanged
140) spinboxes valueChanged
141) spinboxes valueChanged
142) spinboxes valueChanged
143) renderButton clicked
144) starting normalize.. Params: Norm range: [0, 10] zRange: [0.000000, 131.000000]
145) normalizing succeed.
146) Render started!
147) stepSlider valueChanged
148) stepSlider valueChanged
149) stepSlider valueChanged
150) stepSlider valueChanged
151) stepSlider valueChanged
152) stepSlider valueChanged
153) stepSlider valueChanged
154) stepSlider valueChanged
155) stepSlider valueChanged
156) stepSlider valueChanged
157) stepSlider valueChanged
158) stepSlider valueChanged
159) spinboxes valueChanged
160) spinboxes valueChanged
161) spinboxes valueChanged
162) spinboxes valueChanged
163) spinboxes valueChanged
164) spinboxes valueChanged
165) spinboxes valueChanged
166) spinboxes valueChanged
167) spinboxes valueChanged
168) spinboxes valueChanged
169) spinboxes valueChanged
170) spinboxes valueChanged
171) spinboxes valueChanged
172) spinboxes valueChanged
173) renderButton clicked
174) starting normalize.. Params: Norm range: [2, 14] zRange: [0.000000, 131.000000]
175) normalizing succeed.
176) Render started!
177) renderButton clicked
178) starting normalize.. Params: Norm range: [2, 14] zRange: [0.000000, 131.000000]
179) normalizing succeed.
180) Render started!
181) stepSlider valueChanged
182) stepSlider valueChanged
183) stepSlider valueChanged
184) stepSlider valueChanged
185) stepSlider valueChanged
186) stepSlider valueChanged
187) renderButton clicked
188) starting normalize.. Params: Norm range: [2, 14] zRange: [0.000000, 131.000000]
189) normalizing succeed.
190) Render started!
191) stepSlider valueChanged
192) stepSlider valueChanged
193) renderButton clicked
194) starting normalize.. Params: Norm range: [2, 14] zRange: [0.000000, 131.000000]
195) normalizing succeed.
196) Render started!
197) Application stoped succeed
198) Start clearing..
199) ->Clear context..
200) Clearing filename..
201) Clearing points..
202) ->Clear context succeed
203) CleanUp SUCCEED
